scenario,game,ply,engine,side,move,move_row,move_col,elapsed_ms,depth,nodes,nps,evaluations,tt_probes,tt_hits,tt_cutoffs,beta_cutoffs,score,result
equal-time,0,5,optimized,B,13,3,4,0.013250,1,29,2188679.245283,25,1,0,0,0,99999996,
equal-time,0,6,legacy,W,10,3,1,0.005750,0,0,0.000000,0,0,0,0,0,-99999999,
equal-time,0,7,optimized,B,14,3,5,0.014959,1,48,3208770.639749,24,1,0,0,0,99999998,optimized-win
equal-time,1,5,legacy,B,13,3,4,0.950291,3,1051,1105977.011252,1051,1051,2,0,94,99999999,
equal-time,1,6,optimized,W,10,3,1,0.004416,1,15,3396739.130435,0,1,0,0,0,-99999997,
equal-time,1,7,legacy,B,14,3,5,0.002166,0,0,0.000000,0,0,0,0,0,99999999,legacy-win
equal-time,2,5,optimized,B,21,5,2,100.328375,7,281600,2806783.225583,124327,66342,31010,15885,41066,600,
equal-time,2,6,legacy,W,17,4,3,101.590292,5,100352,987810.921933,99473,100351,4218,878,12185,-180,
equal-time,2,7,optimized,B,11,3,2,0.678375,5,2223,3276948.590381,1133,902,864,651,186,99999992,
equal-time,2,8,legacy,W,6,2,2,0.004583,0,0,0.000000,0,0,0,0,0,-99999999,
equal-time,2,9,optimized,B,12,3,3,0.085167,3,250,2935409.254758,126,123,122,65,60,99999994,
equal-time,2,10,legacy,W,8,2,4,13.420042,4,13548,1009534.843483,13543,13548,387,5,1053,99999999,
equal-time,2,11,optimized,B,13,3,4,0.010792,1,29,2687175.685693,24,1,1,0,0,99999996,
equal-time,2,12,legacy,W,10,3,1,0.005916,0,0,0.000000,0,0,0,0,0,-99999999,
equal-time,2,13,optimized,B,14,3,5,0.015667,1,48,3063764.600753,24,1,0,0,0,99999998,optimized-win
equal-time,3,5,legacy,B,21,5,2,100.444958,6,108544,1080631.643054,102840,108543,9505,5703,18060,-180,
equal-time,3,6,optimized,W,12,3,3,100.007667,7,317440,3174156.637411,157945,71331,35188,17852,42845,-20,
equal-time,3,7,legacy,B,17,4,3,100.121958,6,104448,1043207.724723,98217,104447,12361,6230,19213,20,
equal-time,3,8,optimized,W,18,4,4,100.161583,9,268288,2678551.915458,70743,128327,67254,38477,81353,-220,
equal-time,3,9,legacy,B,6,2,2,101.759583,7,110592,1086796.906391,103418,110591,11394,7173,14382,5210,
equal-time,3,10,optimized,W,11,3,2,100.286375,9,280576,2797747.949310,100845,111000,54865,37394,64691,-170,
equal-time,3,11,legacy,B,13,3,4,101.755917,6,98304,966076.498529,97188,98303,5269,1115,10003,180,
equal-time,3,12,optimized,W,9,2,5,100.116584,8,265216,2649071.606358,111877,102975,43016,29595,65113,-4600,
equal-time,3,13,legacy,B,19,4,5,101.699708,6,96256,946472.727336,90291,96255,13567,5964,21923,170,
equal-time,3,14,optimized,W,7,2,3,100.028416,7,266240,2661643.667335,87176,121302,51394,38221,74881,-210,
equal-time,3,15,legacy,B,16,4,2,100.003750,5,98304,983003.137382,94778,98303,6605,3525,15273,1480,
equal-time,3,16,optimized,W,12,3,3,100.061583,7,271360,2711929.912202,97690,113065,53872,36691,67633,810,
equal-time,3,17,legacy,B,16,4,2,100.934166,6,100352,994232.220634,94923,100351,9735,5428,18834,-980,
equal-time,3,18,optimized,W,16,4,2,100.007750,8,284672,2846499.396297,124513,95715,44593,30464,56225,-5760,
equal-time,3,19,legacy,B,11,3,2,101.534417,6,100352,988354.520221,95301,100351,9440,5050,20211,-1150,
equal-time,3,20,optimized,W,12,3,3,100.341125,7,277504,2765605.827122,89795,107800,50980,35278,63615,930,
equal-time,3,21,legacy,B,12,3,3,0.007375,0,0,0.000000,0,0,0,0,0,99999999,
equal-time,3,22,optimized,W,6,2,2,100.242250,7,291840,2911347.261260,74329,132535,66028,48293,74632,560,
equal-time,3,23,legacy,B,11,3,2,101.013667,6,102400,1013724.212190,96034,102399,10786,6365,19686,-1110,
equal-time,3,24,optimized,W,18,4,4,100.018500,8,286720,2866669.666112,83585,126108,66448,41919,75042,-4900,
equal-time,3,25,legacy,B,11,3,2,100.436917,6,100352,999154.524028,96911,100351,8935,3440,19283,-6080,
equal-time,3,26,optimized,W,11,3,2,13.088125,7,41788,3192817.917005,21416,8372,4155,2804,4219,99999990,
equal-time,3,27,legacy,B,21,5,2,100.483458,6,88064,876402.959779,83801,88063,11385,4262,19628,-4990,
equal-time,3,28,optimized,W,18,4,4,0.888333,5,3166,3563978.823257,863,1360,1293,824,438,99999992,
equal-time,3,29,legacy,B,18,4,4,0.008042,0,0,0.000000,0,0,0,0,0,99999999,
equal-time,3,30,optimized,W,24,5,5,0.072541,3,310,4273445.361933,76,106,104,78,26,99999994,
equal-time,3,31,legacy,B,24,5,5,0.008625,0,0,0.000000,0,0,0,0,0,99999999,
equal-time,3,32,optimized,W,24,5,5,0.007917,1,28,3536693.191866,21,1,1,0,0,99999996,
equal-time,3,33,legacy,B,6,2,2,0.005208,0,0,0.000000,0,0,0,0,0,99999999,
equal-time,3,34,optimized,W,6,2,2,0.004209,1,23,5464480.874317,0,1,0,0,0,99999998,optimized-win
equal-time,4,5,optimized,B,23,5,4,0.012417,1,32,2577112.023838,26,1,0,0,0,99999996,
equal-time,4,6,legacy,W,20,5,1,0.007125,0,0,0.000000,0,0,0,0,0,-99999999,
equal-time,4,7,optimized,B,24,5,5,0.014333,1,48,3348915.091049,24,1,0,0,0,99999998,optimized-win
equal-time,5,5,legacy,B,23,5,4,0.835083,3,895,1071749.754216,895,895,2,0,72,99999999,
equal-time,5,6,optimized,W,20,5,1,0.008750,1,25,2857142.857143,0,1,0,0,0,-99999997,
equal-time,5,7,legacy,B,24,5,5,0.003875,0,0,0.000000,0,0,0,0,0,99999999,legacy-win
equal-time,6,5,optimized,B,12,3,3,100.187208,7,306176,3056038.850788,154268,76533,32736,20037,46736,1070,
equal-time,6,6,legacy,W,13,3,4,100.970125,5,98304,973594.912357,97843,98303,4891,460,15803,-440,
equal-time,6,7,optimized,B,15,4,1,100.361417,7,297984,2969109.134838,136309,79893,37113,20981,49201,310,
equal-time,6,8,legacy,W,17,4,3,100.130250,5,100352,1002214.615463,99819,100351,2940,532,11727,-630,
equal-time,6,9,optimized,B,19,4,5,100.255792,7,280576,2798601.401503,118531,90712,39559,20835,61011,20,
equal-time,6,10,legacy,W,9,2,5,100.715958,6,102400,1016720.706762,99881,102399,8872,2518,22113,410,
equal-time,6,11,optimized,B,21,5,2,100.109458,8,286720,2864065.051676,141786,79311,30731,19339,51033,-980,
equal-time,6,12,legacy,W,8,2,4,100.768833,5,98304,975539.728638,97598,98303,6930,705,18177,-670,
equal-time,6,13,optimized,B,7,2,3,100.172333,10,265216,2647597.316117,113852,95592,39317,25794,61601,-1160,
equal-time,6,14,legacy,W,3,1,4,0.006292,0,0,0.000000,0,0,0,0,0,-99999999,
equal-time,6,15,optimized,B,18,4,4,100.033250,8,273408,2733171.220569,96366,117338,47470,38168,70561,-1160,
equal-time,6,16,legacy,W,12,3,3,101.232000,5,98304,971076.339497,97900,98303,3275,403,13907,-1050,
equal-time,6,17,optimized,B,12,3,3,100.308958,6,301056,3001287.282837,185691,45354,22169,12630,22684,-900,
equal-time,6,18,legacy,W,16,4,2,100.370917,5,96256,959002.895231,95850,96255,4033,405,13860,-5950,
equal-time,6,19,optimized,B,8,2,4,100.146583,8,247808,2474452.872746,75178,129072,56644,39087,82663,-5540,
equal-time,6,20,legacy,W,8,2,4,102.026417,5,98304,963515.164901,97563,98303,5826,740,16526,-9590,
equal-time,6,21,optimized,B,7,2,3,100.119541,7,284672,2843321.065565,149300,69820,33762,19753,40956,5810,
equal-time,6,22,legacy,W,7,2,3,101.341042,5,94208,929613.492626,93897,94207,3764,310,11340,-9630,
equal-time,6,23,optimized,B,6,2,2,0.321042,3,822,2560412.656288,550,125,75,33,76,99999994,
equal-time,6,24,legacy,W,9,2,5,0.007958,0,0,0.000000,0,0,0,0,0,-99999999,
equal-time,6,25,optimized,B,5,2,1,0.010042,1,28,2788289.185421,23,1,1,0,0,99999996,
equal-time,6,26,legacy,W,5,2,1,0.005958,0,0,0.000000,0,0,0,0,0,-99999999,
equal-time,6,27,optimized,B,10,3,1,0.014458,1,46,3181629.547655,22,1,0,0,0,99999998,optimized-win
equal-time,7,5,legacy,B,12,3,3,101.076416,6,106496,1053618.679950,101228,106495,8381,5267,17938,-440,
equal-time,7,6,optimized,W,13,3,4,100.194750,7,322560,3219330.354135,151021,77296,40860,21941,44493,360,
equal-time,7,7,legacy,B,15,4,1,101.746291,6,104448,1026553.390531,98702,104447,12733,5745,20710,-630,
equal-time,7,8,optimized,W,17,4,3,100.284750,8,263168,2624207.568947,92431,117657,53028,30653,78743,-20,
equal-time,7,9,legacy,B,5,2,1,100.162583,5,102400,1022337.852449,98886,102399,7614,3513,17317,510,
equal-time,7,10,optimized,W,10,3,1,100.365833,8,269312,2683303.589978,111752,100130,40395,24704,67215,160,
equal-time,7,11,legacy,B,7,2,3,100.951291,6,102400,1014350.574278,97781,102399,8924,4618,19661,-1680,
equal-time,7,12,optimized,W,3,1,4,100.309125,8,261120,2603153.003279,94737,116533,52619,37035,71422,570,
equal-time,7,13,legacy,B,18,4,4,100.553875,6,102400,1018359.560982,96602,102399,8973,5797,17045,-1680,
equal-time,7,14,optimized,W,16,4,2,100.041125,6,285696,2855785.558189,178037,55206,24153,13745,32127,850,
equal-time,7,15,legacy,B,12,3,3,101.792375,5,98304,965730.488163,95189,98303,6743,3114,15378,450,
equal-time,7,16,optimized,W,16,4,2,100.071500,7,267264,2670730.427744,93397,113458,48049,36170,69608,8860,
equal-time,7,17,legacy,B,16,4,2,0.009250,0,0,0.000000,0,0,0,0,0,99999999,
equal-time,7,18,optimized,W,11,3,2,100.147166,7,277504,2770962.085937,124447,109969,50460,36171,65536,9260,
equal-time,7,19,legacy,B,12,3,3,100.148334,6,102400,1022483.309608,95067,102399,12178,7332,17071,-8480,
equal-time,7,20,optimized,W,12,3,3,100.336084,9,288768,2878007.477350,103503,111017,61785,37262,64287,9260,
equal-time,7,21,legacy,B,9,2,5,101.095792,6,96256,952126.672097,89491,96255,10600,6764,15244,-10600,
equal-time,7,22,optimized,W,6,2,2,79.276584,7,241017,3040204.154104,134376,47118,27135,16750,22064,99999990,
equal-time,7,23,legacy,B,6,2,2,100.677250,5,94208,935742.682682,91857,94207,6114,2350,11382,-5370,
equal-time,7,24,optimized,W,1,1,2,0.218583,3,549,2511631.737143,379,127,91,67,51,99999994,
equal-time,7,25,legacy,B,1,1,2,0.005000,0,0,0.000000,0,0,0,0,0,99999999,
equal-time,7,26,optimized,W,2,1,3,0.009125,1,28,3068493.150685,24,1,1,0,0,99999996,
equal-time,7,27,legacy,B,0,1,1,0.004541,0,0,0.000000,0,0,0,0,0,99999999,
equal-time,7,28,optimized,W,4,1,5,0.015208,1,48,3156233.561284,23,1,1,0,0,99999998,optimized-win
equal-time,8,5,optimized,B,12,3,3,6.519625,5,21126,3240370.420078,14472,3327,1524,673,1984,99999992,
equal-time,8,6,legacy,W,0,1,1,100.441750,5,102400,1019496.374764,101901,102399,6184,498,17656,4620,
equal-time,8,7,optimized,B,16,4,2,0.209666,3,706,3367260.309254,479,122,106,78,30,99999994,
equal-time,8,8,legacy,W,11,3,2,0.005916,0,0,0.000000,0,0,0,0,0,-99999999,
equal-time,8,9,optimized,B,8,2,4,0.009375,1,29,3093333.333333,24,1,1,0,0,99999996,
equal-time,8,10,legacy,W,4,1,5,0.004667,0,0,0.000000,0,0,0,0,0,-99999999,
equal-time,8,11,optimized,B,20,5,1,0.013625,1,43,3155963.302752,19,1,0,0,0,99999998,optimized-win
equal-time,9,5,legacy,B,12,3,3,101.576291,6,106496,1048433.634971,101036,106495,11398,5459,21814,4620,
equal-time,9,6,optimized,W,18,4,4,1.402083,4,4571,3260149.363483,2018,1554,815,610,808,-99999993,
equal-time,9,7,legacy,B,16,4,2,31.481041,5,32276,1025251.992143,32002,32276,783,274,3106,99999999,
equal-time,9,8,optimized,W,11,3,2,0.024250,2,77,3175257.731959,25,27,27,24,0,-99999995,
equal-time,9,9,legacy,B,8,2,4,0.686792,3,715,1041072.114993,679,715,149,36,89,99999999,
equal-time,9,10,optimized,W,4,1,5,0.004833,1,25,5172770.535899,0,1,0,0,0,-99999997,
equal-time,9,11,legacy,B,20,5,1,0.003458,0,0,0.000000,0,0,0,0,0,99999999,legacy-win
equal-time,10,5,optimized,B,12,3,3,100.034000,7,303104,3030009.796669,178476,58984,22369,9655,39448,740,
equal-time,10,6,legacy,W,23,5,4,100.951834,5,102400,1014345.118287,102146,102399,6537,253,19951,-180,
equal-time,10,7,optimized,B,22,5,3,18.175625,7,53884,2964629.827035,19596,16299,6796,4649,10024,99999990,
equal-time,10,8,legacy,W,17,4,3,100.518041,5,102400,1018722.599260,101810,102399,5181,589,14738,170,
equal-time,10,9,optimized,B,8,2,4,0.106125,4,381,3590106.007067,116,266,266,232,40,99999992,
equal-time,10,10,legacy,W,16,4,2,0.007000,0,0,0.000000,0,0,0,0,0,-99999999,
equal-time,10,11,optimized,B,13,3,4,0.267708,3,841,3141482.510795,522,124,103,72,35,99999994,
equal-time,10,12,legacy,W,3,1,4,0.004541,0,0,0.000000,0,0,0,0,0,-99999999,
equal-time,10,13,optimized,B,11,3,2,0.009750,1,30,3076923.076923,21,1,1,0,0,99999996,
equal-time,10,14,legacy,W,10,3,1,0.006000,0,0,0.000000,0,0,0,0,0,-99999999,
equal-time,10,15,optimized,B,14,3,5,0.014708,1,46,3127549.632853,22,1,0,0,0,99999998,optimized-win
equal-time,11,5,legacy,B,23,5,4,101.972209,6,106496,1044362.979329,101699,106495,7940,4796,18564,-30,
equal-time,11,6,optimized,W,17,4,3,100.032958,7,306176,3060751.237607,149015,82834,35634,20514,52305,-50,
equal-time,11,7,legacy,B,13,3,4,101.415666,6,104448,1029900.055086,99439,104447,7907,5008,17216,-30,
equal-time,11,8,optimized,W,8,2,4,100.291666,8,291840,2909912.773809,132050,106257,50286,35033,62017,-950,
equal-time,11,9,legacy,B,13,3,4,101.765959,5,100352,986105.776294,98012,100351,7871,2339,12270,4800,
equal-time,11,10,optimized,W,7,2,3,0.724500,5,2154,2973084.886128,1105,894,761,493,352,99999992,
equal-time,11,11,legacy,B,6,2,2,86.186750,6,93997,1090620.077912,88192,93997,8385,5805,12711,-99999999,
equal-time,11,12,optimized,W,12,3,3,0.012708,1,29,2282027.069562,24,1,1,0,0,99999996,
equal-time,11,13,legacy,B,2,1,3,0.004750,0,0,0.000000,0,0,0,0,0,99999999,
equal-time,11,14,optimized,W,22,5,3,0.015417,1,46,2983719.270935,22,1,1,0,0,99999998,optimized-win
equal-time,12,5,optimized,B,11,3,2,100.253250,6,302080,3013169.149130,138316,84350,33283,21307,53754,0,
equal-time,12,6,legacy,W,7,2,3,100.968917,5,100352,993890.030533,99920,100351,4863,431,16925,-390,
equal-time,12,7,optimized,B,5,2,1,25.226708,7,74154,2939503.640348,31092,21076,10756,4145,14486,99999990,
equal-time,12,8,legacy,W,10,3,1,0.005709,0,0,0.000000,0,0,0,0,0,-99999999,
equal-time,12,9,optimized,B,17,4,3,2.308083,5,6820,2954833.080093,2650,2726,1898,1186,1336,99999992,
equal-time,12,10,legacy,W,23,5,4,0.008000,0,0,0.000000,0,0,0,0,0,-99999999,
equal-time,12,11,optimized,B,16,4,2,0.102042,3,276,2704768.624684,126,148,124,68,82,99999994,
equal-time,12,12,legacy,W,18,4,4,0.007750,0,0,0.000000,0,0,0,0,0,-99999999,
equal-time,12,13,optimized,B,6,2,2,0.009542,1,29,3039195.137288,24,1,1,0,0,99999996,
equal-time,12,14,legacy,W,1,1,2,0.004750,0,0,0.000000,0,0,0,0,0,-99999999,
equal-time,12,15,optimized,B,21,5,2,0.007083,1,26,3670760.976987,1,1,0,0,0,99999998,optimized-win
equal-time,13,5,legacy,B,16,4,2,101.673208,6,104448,1027291.280118,98542,104447,9877,5905,20463,-160,
equal-time,13,6,optimized,W,17,4,3,100.157292,7,318464,3179638.682723,160378,68937,28174,14792,43773,150,
equal-time,13,7,legacy,B,11,3,2,101.386292,6,104448,1030198.441422,100190,104447,9815,4257,18753,-200,
equal-time,13,8,optimized,W,9,2,5,100.195125,9,292864,2922936.619920,91526,122946,63328,44069,69400,250,
equal-time,13,9,legacy,B,14,3,5,0.006792,0,0,0.000000,0,0,0,0,0,99999999,
equal-time,13,10,optimized,W,13,3,4,100.109292,11,265216,2649264.565771,91641,113230,51604,32074,72693,620,
equal-time,13,11,legacy,B,21,5,2,0.008917,0,0,0.000000,0,0,0,0,0,99999999,
equal-time,13,12,optimized,W,6,2,2,100.419458,10,361472,3599621.101321,134953,68751,38039,16445,40384,-1090,
equal-time,13,13,legacy,B,7,2,3,101.277334,6,100352,990863.365341,97943,100351,5896,2408,14117,-560,
equal-time,13,14,optimized,W,3,1,4,100.386667,8,291840,2907158.975604,138739,78136,33993,20249,48139,-1090,
equal-time,13,15,legacy,B,18,4,4,100.519458,6,100352,998334.073787,95050,100351,9998,5301,17622,-620,
equal-time,13,16,optimized,W,13,3,4,100.082000,7,234496,2343038.708259,61909,157589,69610,53387,97579,480,
equal-time,13,17,legacy,B,20,5,1,101.869083,5,96256,944899.052444,91616,96255,12640,4639,19752,4760,
equal-time,13,18,optimized,W,7,2,3,100.107750,7,262144,2618618.438632,103984,104782,45984,30143,66740,1240,
equal-time,13,19,legacy,B,8,2,4,100.455916,5,96256,958191.451860,93614,96255,6702,2641,16923,8780,
equal-time,13,20,optimized,W,12,3,3,100.188875,8,279552,2790249.915472,150006,75718,35881,22319,44543,-400,
equal-time,13,21,legacy,B,13,3,4,102.702458,5,98304,957172.806906,97277,98303,3892,1026,8676,4250,
equal-time,13,22,optimized,W,12,3,3,100.210958,7,263168,2626139.947689,109611,115996,60258,41832,66190,10680,
equal-time,13,23,legacy,B,5,2,1,101.247666,5,96256,950698.458570,95292,96255,4406,963,10588,3710,
equal-time,13,24,optimized,W,10,3,1,100.062625,8,262144,2619799.350657,72752,112148,56504,40202,63209,10090,
equal-time,13,25,legacy,B,22,5,3,100.476584,6,96256,957994.352197,93052,96255,7355,3203,16624,-10590,
equal-time,13,26,optimized,W,23,5,4,2.073416,7,5848,2820466.322243,2011,2476,1917,1199,1119,99999990,
equal-time,13,27,legacy,B,17,4,3,101.651666,4,94208,926772.808623,93625,94207,2323,582,13863,-10590,
equal-time,13,28,optimized,W,11,3,2,0.015375,1,28,1821138.211382,24,1,1,0,0,99999996,
equal-time,13,29,legacy,B,10,3,1,0.008167,0,0,0.000000,0,0,0,0,0,99999999,
equal-time,13,30,optimized,W,14,3,5,0.019042,1,44,2310681.651087,20,1,1,0,0,99999998,optimized-win
equal-time,14,5,optimized,B,17,4,3,100.362875,7,285696,2846630.290334,112431,99088,43448,26115,64094,290,
equal-time,14,6,legacy,W,13,3,4,101.618375,5,100352,987537.932977,99283,100351,3909,1068,14547,-520,
equal-time,14,7,optimized,B,19,4,5,17.649625,8,56487,3200464.599106,20754,13699,6317,3533,8235,-99999989,
equal-time,14,8,legacy,W,14,3,5,0.006583,0,0,0.000000,0,0,0,0,0,-99999999,
equal-time,14,9,optimized,B,11,3,2,0.036125,3,379,10491349.480969,27,339,339,331,2,-99999991,
equal-time,14,10,legacy,W,8,2,4,81.682916,7,86136,1054516.711916,83854,86136,5728,2282,12621,-99999999,
equal-time,14,11,optimized,B,23,5,4,0.086333,4,742,8594627.778486,45,677,677,662,4,-99999993,
equal-time,14,12,legacy,W,5,2,1,0.005333,0,0,0.000000,0,0,0,0,0,-99999999,
equal-time,14,13,optimized,B,6,2,2,0.008209,2,51,6212693.385309,1,27,27,24,1,-99999995,
equal-time,14,14,legacy,W,16,4,2,0.164667,3,202,1226718.164538,154,202,79,48,24,-99999999,
equal-time,14,15,optimized,B,4,1,5,0.004292,1,25,5824790.307549,0,1,0,0,0,-99999997,
equal-time,14,16,legacy,W,20,5,1,0.003500,0,0,0.000000,0,0,0,0,0,-99999999,legacy-win
equal-time,15,5,legacy,B,17,4,3,100.382958,6,104448,1040495.339856,98366,104447,8751,6081,16510,-520,
equal-time,15,6,optimized,W,13,3,4,100.011958,7,251904,2518738.809213,80434,109978,40487,27219,74847,450,
equal-time,15,7,legacy,B,11,3,2,100.746708,6,104448,1036738.590009,97181,104447,11826,7266,16716,-610,
equal-time,15,8,optimized,W,8,2,4,20.222208,7,58921,2913677.873356,23939,14519,6839,3039,9556,99999990,
equal-time,15,9,legacy,B,19,4,5,101.871292,6,104448,1025293.759895,100192,104447,7499,4255,14967,-9940,
equal-time,15,10,optimized,W,14,3,5,0.071958,5,402,5586592.178771,46,278,278,258,14,99999992,
equal-time,15,11,legacy,B,16,4,2,53.829042,6,58545,1087609.918824,55132,58545,5424,3413,7511,-99999999,
equal-time,15,12,optimized,W,18,4,4,0.010542,1,25,2371466.514893,0,1,1,0,0,99999996,
equal-time,15,13,legacy,B,3,1,4,0.005833,0,0,0.000000,0,0,0,0,0,99999999,
equal-time,15,14,optimized,W,23,5,4,0.032667,1,89,2724461.995286,2,1,1,0,0,99999998,optimized-win
equal-time,16,5,optimized,B,1,1,2,0.010625,1,29,2729411.764706,25,1,0,0,0,99999996,
equal-time,16,6,legacy,W,0,1,1,0.003958,0,0,0.000000,0,0,0,0,0,-99999999,
equal-time,16,7,optimized,B,4,1,5,0.013916,1,48,3449267.030756,24,1,0,0,0,99999998,optimized-win
equal-time,17,5,legacy,B,1,1,2,0.889125,3,970,1090960.213693,970,970,2,0,93,99999999,
equal-time,17,6,optimized,W,0,1,1,0.002666,1,15,5626406.601650,0,1,0,0,0,-99999997,
equal-time,17,7,legacy,B,4,1,5,0.000625,0,0,0.000000,0,0,0,0,0,99999999,legacy-win
equal-time,18,5,optimized,B,17,4,3,3.615709,5,10437,2886570.794276,4830,3570,1730,1015,2231,99999992,
equal-time,18,6,legacy,W,18,4,4,0.007542,0,0,0.000000,0,0,0,0,0,-99999999,
equal-time,18,7,optimized,B,12,3,3,0.079708,3,215,2697345.310383,99,123,123,66,60,99999994,
equal-time,18,8,legacy,W,8,2,4,4.274417,4,4838,1131850.261685,4838,4838,275,0,867,99999999,
equal-time,18,9,optimized,B,7,2,3,0.010959,1,29,2646226.845515,24,1,1,0,0,99999996,
equal-time,18,10,legacy,W,2,1,3,0.005292,0,0,0.000000,0,0,0,0,0,-99999999,
equal-time,18,11,optimized,B,22,5,3,0.017000,1,48,2823529.411765,24,1,0,0,0,99999998,optimized-win
equal-time,19,5,legacy,B,17,4,3,100.686000,6,106496,1057704.149534,100498,106495,9200,5997,16164,-30,
equal-time,19,6,optimized,W,18,4,4,0.409750,4,1284,3133618.059793,764,469,369,259,173,-99999993,
equal-time,19,7,legacy,B,12,3,3,3.634833,5,4464,1228116.945125,3501,4464,2489,963,1387,99999999,
equal-time,19,8,optimized,W,8,2,4,0.024208,2,81,3346001.321877,50,27,27,23,1,-99999995,
equal-time,19,9,legacy,B,7,2,3,0.343750,3,386,1122909.090909,344,386,193,42,106,99999999,
equal-time,19,10,optimized,W,2,1,3,0.003750,1,25,6666666.666667,0,1,0,0,0,-99999997,
equal-time,19,11,legacy,B,22,5,3,0.003334,0,0,0.000000,0,0,0,0,0,99999999,legacy-win
equal-time,20,5,optimized,B,11,3,2,6.676416,5,21755,3258484.791840,15468,2984,1129,374,1874,99999992,
equal-time,20,6,legacy,W,12,3,3,100.312375,5,104448,1041227.465704,103894,104447,4965,553,15421,80,
equal-time,20,7,optimized,B,15,4,1,0.286042,3,857,2996063.515148,596,125,83,47,59,99999994,
equal-time,20,8,legacy,W,3,1,4,0.005791,0,0,0.000000,0,0,0,0,0,-99999999,
equal-time,20,9,optimized,B,10,3,1,0.013042,1,29,2223585.339672,24,1,1,0,0,99999996,
equal-time,20,10,legacy,W,0,1,1,0.004041,0,0,0.000000,0,0,0,0,0,-99999999,
equal-time,20,11,optimized,B,20,5,1,0.008750,1,25,2857142.857143,1,1,0,0,0,99999998,optimized-win
equal-time,21,5,legacy,B,15,4,1,101.275125,6,106496,1051551.405145,100318,106495,11587,6177,20979,140,
equal-time,21,6,optimized,W,0,1,1,8.560542,6,27167,3173514.013482,13131,7690,4057,2260,4515,-99999991,
equal-time,21,7,legacy,B,12,3,3,101.466084,6,108544,1069756.471532,102770,108543,10312,5773,20001,520,
equal-time,21,8,optimized,W,2,1,3,0.174750,4,754,4314735.336195,172,491,465,415,58,-99999993,
equal-time,21,9,legacy,B,17,4,3,3.054333,4,3421,1120048.141444,3035,3421,849,386,389,99999999,
equal-time,21,10,optimized,W,22,5,3,0.011042,2,51,4618728.491215,1,27,27,24,1,-99999995,
equal-time,21,11,legacy,B,11,3,2,0.589084,3,629,1067759.436685,591,629,179,38,104,99999999,
equal-time,21,12,optimized,W,3,1,4,0.004500,1,25,5555555.555556,0,1,0,0,0,-99999997,
equal-time,21,13,legacy,B,23,5,4,0.004042,0,0,0.000000,0,0,0,0,0,99999999,legacy-win
equal-time,22,5,optimized,B,17,4,3,100.173500,6,307200,3066679.311395,142782,92237,38989,27539,54911,-560,
equal-time,22,6,legacy,W,7,2,3,101.402834,5,100352,989637.035194,99732,100351,4842,619,16495,-5020,
equal-time,22,7,optimized,B,9,2,5,100.211291,8,292864,2922465.094278,91334,110419,50184,27689,73171,-490,
equal-time,22,8,legacy,W,6,2,2,100.477375,5,100352,998752.206653,99413,100351,7852,938,18176,-5160,
equal-time,22,9,optimized,B,5,2,1,100.140750,10,284672,2842718.873186,90841,81250,41822,13944,58039,-390,
equal-time,22,10,legacy,W,11,3,2,101.693458,6,104448,1027086.717810,100778,104447,10589,3669,21322,4860,
equal-time,22,11,optimized,B,16,4,2,100.134250,10,263168,2628151.706334,72790,112516,47297,27964,76490,-850,
equal-time,22,12,legacy,W,15,4,1,100.146875,6,102400,1022498.205760,97348,102399,11710,5051,19786,650,
equal-time,22,13,optimized,B,3,1,4,100.048292,9,300032,2998871.784838,70238,96403,59208,33642,52450,630,
equal-time,22,14,legacy,W,19,4,5,100.147000,6,98304,981597.052333,97497,98303,13543,806,22108,850,
equal-time,22,15,optimized,B,13,3,4,100.028417,8,287744,2876622.550170,137316,92539,44221,32317,51001,-830,
equal-time,22,16,legacy,W,21,5,2,0.011417,0,0,0.000000,0,0,0,0,0,-99999999,
equal-time,22,17,optimized,B,6,2,2,100.238459,7,262144,2615203.811144,82945,130644,57965,43385,79705,1270,
equal-time,22,18,legacy,W,18,4,4,101.459750,5,96256,948711.188427,95640,96255,3069,615,11749,-790,
equal-time,22,19,optimized,B,12,3,3,100.212416,8,292864,2922432.286235,123987,99985,54447,36928,53423,-900,
equal-time,22,20,legacy,W,11,3,2,101.635750,5,96256,947068.329795,95585,96255,5043,670,13382,-4600,
equal-time,22,21,optimized,B,8,2,4,100.427708,7,265216,2640864.809939,122312,105985,53539,37746,59842,9840,
equal-time,22,22,legacy,W,11,3,2,100.568375,5,94208,936755.714707,93781,94207,3523,426,11205,-1340,
equal-time,22,23,optimized,B,11,3,2,100.152541,9,278528,2781037.777164,76825,121693,61509,43285,69853,9950,
equal-time,22,24,legacy,W,7,2,3,100.219000,5,94208,940021.353236,93229,94207,6799,978,11219,4850,
equal-time,22,25,optimized,B,7,2,3,100.072666,8,267264,2670699.309640,80374,113773,60980,39358,65871,4620,
equal-time,22,26,legacy,W,12,3,3,100.691709,5,96256,955947.624248,95511,96255,5608,744,17008,3070,
equal-time,22,27,optimized,B,8,2,4,100.074708,7,243712,2435300.635601,72785,131667,58020,43321,81148,9460,
equal-time,22,28,legacy,W,8,2,4,0.008750,0,0,0.000000,0,0,0,0,0,-99999999,
equal-time,22,29,optimized,B,9,2,5,100.211416,7,273408,2728311.912088,84758,116384,52455,34648,73055,9470,
equal-time,22,30,legacy,W,3,1,4,101.119209,5,96256,951906.180358,95790,96255,3299,465,12807,-6550,
equal-time,22,31,optimized,B,15,4,1,6.347291,7,19005,2994190.750038,8175,5450,3512,1711,3094,99999990,
equal-time,22,32,legacy,W,9,2,5,100.186500,5,96256,960768.167368,95454,96255,5480,801,14584,-4160,
equal-time,22,33,optimized,B,7,2,3,0.715542,5,3301,4613286.152315,691,2022,1975,1643,272,99999992,
equal-time,22,34,legacy,W,16,4,2,101.924958,5,102400,1004660.703417,101762,102399,4654,637,13622,-870,
equal-time,22,35,optimized,B,8,2,4,0.110834,3,288,2598480.610643,127,145,135,77,68,99999994,
equal-time,22,36,legacy,W,17,4,3,17.277167,4,16919,979269.344332,16887,16919,611,32,1740,99999999,
equal-time,22,37,optimized,B,5,2,1,0.009792,1,25,2553104.575163,20,1,1,0,0,99999996,
equal-time,22,38,legacy,W,6,2,2,0.007125,0,0,0.000000,0,0,0,0,0,-99999999,
equal-time,22,39,optimized,B,6,2,2,0.005417,1,23,4245892.560458,0,1,0,0,0,99999998,optimized-win
equal-time,23,5,legacy,B,17,4,3,100.588208,5,102400,1018011.972139,101684,102399,4564,715,10755,410,
equal-time,23,6,optimized,W,13,3,4,100.236083,7,303104,3023901.083605,173438,69043,31061,16427,42493,820,
equal-time,23,7,legacy,B,18,4,4,101.680917,6,106496,1047354.834536,100854,106495,9351,5641,16882,-4780,
equal-time,23,8,optimized,W,16,4,2,100.238666,7,287744,2870588.880343,109390,127505,65827,45961,72465,840,
equal-time,23,9,legacy,B,6,2,2,101.804416,6,108544,1066201.293272,102884,108543,12455,5659,19348,-1010,
equal-time,23,10,optimized,W,12,3,3,100.337458,7,286720,2857556.945483,102709,132070,65571,48592,74429,840,
equal-time,23,11,legacy,B,11,3,2,100.686875,6,104448,1037354.670110,97601,104447,11395,6846,16847,-780,
equal-time,23,12,optimized,W,7,2,3,100.175500,7,271360,2708845.975313,145113,85763,38450,26141,51177,800,
equal-time,23,13,legacy,B,19,4,5,0.008584,0,0,0.000000,0,0,0,0,0,99999999,
equal-time,23,14,optimized,W,12,3,3,100.016250,7,276480,2764350.792996,126516,92181,43094,30593,52768,890,
equal-time,23,15,legacy,B,12,3,3,101.257083,5,98304,970835.788347,96079,98303,7330,2224,16210,4530,
equal-time,23,16,optimized,W,17,4,3,100.234833,7,269312,2686810.482340,108392,107293,53186,34001,64937,330,
equal-time,23,17,legacy,B,5,2,1,101.094417,6,102400,1012914.491608,97354,102399,8242,5045,16316,-950,
equal-time,23,18,optimized,W,23,5,4,100.260791,8,307200,3064009.339404,153954,69921,36389,21788,38107,-6270,
equal-time,23,19,legacy,B,9,2,5,101.911583,6,102400,1004792.556308,96997,102399,9623,5402,16703,-960,
equal-time,23,20,optimized,W,14,3,5,100.143833,8,297984,2975560.162551,134139,83184,44959,28365,44965,-740,
equal-time,23,21,legacy,B,17,4,3,101.494250,6,100352,988745.667858,94104,100351,10783,6247,18789,-1090,
equal-time,23,22,optimized,W,11,3,2,100.160167,7,254976,2545682.656460,91629,115723,49651,34682,73509,14690,
equal-time,23,23,legacy,B,15,4,1,100.104458,5,96256,961555.578274,93240,96255,8055,3015,17323,5170,
equal-time,23,24,optimized,W,10,3,1,0.343541,5,1012,2945791.040953,495,403,361,306,91,99999992,
equal-time,23,25,legacy,B,13,3,4,100.686750,6,98304,976335.019255,93290,98303,8225,5013,17411,-5250,
equal-time,23,26,optimized,W,16,4,2,0.064250,3,192,2988326.848249,75,111,111,94,20,99999994,
equal-time,23,27,legacy,B,6,2,2,72.714042,5,69459,955235.028745,68532,69459,2443,927,9600,-99999999,
equal-time,23,28,optimized,W,18,4,4,0.015792,1,32,2026342.451874,22,1,1,0,0,99999996,
equal-time,23,29,legacy,B,15,4,1,0.008292,0,0,0.000000,0,0,0,0,0,99999999,
equal-time,23,30,optimized,W,19,4,5,0.015500,1,42,2709677.419355,18,1,0,0,0,99999998,optimized-win
equal-time,24,5,optimized,B,12,3,3,92.731667,7,289599,3122978.475088,183504,53687,26153,11536,32795,99999990,
equal-time,24,6,legacy,W,3,1,4,100.771209,5,102400,1016163.257503,101819,102399,4669,580,14826,60,
equal-time,24,7,optimized,B,1,1,2,0.091333,4,291,3186143.015120,77,201,183,165,45,99999992,
equal-time,24,8,legacy,W,17,4,3,101.974583,5,104448,1024255.230345,103819,104447,5146,628,12203,410,
equal-time,24,9,optimized,B,6,2,2,0.307250,3,877,2854353.132628,640,123,78,44,60,99999994,
equal-time,24,10,legacy,W,18,4,4,13.997916,4,14703,1050370.640887,14649,14703,470,54,1588,99999999,
equal-time,24,11,optimized,B,8,2,4,0.015833,1,40,2526368.976189,22,1,1,0,0,99999996,
equal-time,24,12,legacy,W,5,2,1,0.005250,0,0,0.000000,0,0,0,0,0,-99999999,
equal-time,24,13,optimized,B,9,2,5,0.015958,1,43,2694573.254794,19,1,0,0,0,99999998,optimized-win
equal-time,25,5,legacy,B,23,5,4,100.896458,5,102400,1014901.831341,101136,102399,6393,1263,15622,5280,
equal-time,25,6,optimized,W,22,5,3,100.249917,7,289792,2890695.660127,118207,96522,43723,24614,62373,-430,
equal-time,25,7,legacy,B,11,3,2,101.654166,6,104448,1027483.713752,99436,104447,11372,5011,21621,260,
equal-time,25,8,optimized,W,3,1,4,0.000250,1,0,0.000000,0,1,1,1,0,-99999991,
equal-time,25,9,legacy,B,1,1,2,0.004459,0,0,0.000000,0,0,0,0,0,99999999,
equal-time,25,10,optimized,W,9,2,5,0.000250,1,0,0.000000,0,1,1,1,0,-99999993,
equal-time,25,11,legacy,B,6,2,2,35.715708,5,34185,957141.882782,33944,34185,708,241,2959,99999999,
equal-time,25,12,optimized,W,16,4,2,0.000416,1,0,0.000000,0,1,1,1,0,-99999995,
equal-time,25,13,legacy,B,5,2,1,0.796083,3,789,991102.686529,773,789,195,16,93,99999999,
equal-time,25,14,optimized,W,8,2,4,0.010000,1,25,2500000.000000,0,1,0,0,0,-99999997,
equal-time,25,15,legacy,B,17,4,3,0.003542,0,0,0.000000,0,0,0,0,0,99999999,legacy-win
equal-time,26,5,optimized,B,8,2,4,100.346042,7,300032,2989973.436122,111086,108620,51517,30815,68283,890,
equal-time,26,6,legacy,W,6,2,2,100.428334,5,98304,978847.264359,97803,98303,4397,500,14958,-290,
equal-time,26,7,optimized,B,12,3,3,100.086584,8,281600,2813563.903830,85845,126840,54185,35367,82598,420,
equal-time,26,8,legacy,W,16,4,2,100.084542,5,98304,982209.620343,97730,98303,5772,573,14056,150,
equal-time,26,9,optimized,B,17,4,3,51.801167,7,152255,2939219.496735,90120,31601,16400,8286,18350,99999990,
equal-time,26,10,legacy,W,22,5,3,100.574791,5,96256,957058.911512,95695,96255,5744,560,14228,650,
equal-time,26,11,optimized,B,15,4,1,1.436000,5,4717,3284818.941504,1761,2249,2097,1540,566,99999992,
equal-time,26,12,legacy,W,7,2,3,101.176875,5,100352,991847.198285,99747,100351,6327,604,13886,4760,
equal-time,26,13,optimized,B,5,2,1,0.109542,3,281,2565226.123313,138,144,127,94,51,99999994,
equal-time,26,14,legacy,W,23,5,4,0.008667,0,0,0.000000,0,0,0,0,0,-99999999,
equal-time,26,15,optimized,B,10,3,1,0.008917,1,27,3027924.189750,24,1,1,0,0,99999996,
equal-time,26,16,legacy,W,0,1,1,0.004125,0,0,0.000000,0,0,0,0,0,-99999999,
equal-time,26,17,optimized,B,20,5,1,0.016125,1,48,2976744.186047,24,1,0,0,0,99999998,optimized-win
equal-time,27,5,legacy,B,23,5,4,101.808333,6,106496,1046044.040423,100752,106495,9926,5743,19453,-220,
equal-time,27,6,optimized,W,20,5,1,100.320667,8,317440,3164253.283922,81562,105052,43632,27118,67217,-840,
equal-time,27,7,legacy,B,12,3,3,101.241875,6,104448,1031667.973356,99999,104447,9530,4448,20270,-40,
equal-time,27,8,optimized,W,7,2,3,100.110875,9,252928,2526478.766667,65633,135702,62398,38985,88662,-90,
equal-time,27,9,legacy,B,16,4,2,100.437417,6,102400,1019540.357156,98614,102399,8882,3785,18868,0,
equal-time,27,10,optimized,W,6,2,2,100.161333,9,292864,2923922.747713,138417,85504,39436,24942,51498,40,
equal-time,27,11,legacy,B,5,2,1,100.692916,6,102400,1016953.367405,98024,102399,7313,4375,15939,-170,
equal-time,27,12,optimized,W,17,4,3,100.399541,9,269312,2682402.701423,102085,117702,54887,37290,72434,190,
equal-time,27,13,legacy,B,8,2,4,101.986042,6,104448,1024140.146551,99306,104447,7810,5141,12827,-810,
equal-time,27,14,optimized,W,4,1,5,100.067750,8,264192,2640131.311037,125002,91497,36199,24354,59320,-1200,
equal-time,27,15,legacy,B,11,3,2,100.807917,6,100352,995477.369104,94693,100351,11919,5658,18916,-190,
equal-time,27,16,optimized,W,11,3,2,100.060500,7,269312,2691491.647553,113531,95811,40350,27884,59202,3860,
equal-time,27,17,legacy,B,24,5,5,100.102958,6,100352,1002487.858551,94121,100351,10815,6230,16825,-3860,
equal-time,27,18,optimized,W,22,5,3,100.032958,8,256000,2559156.553183,130205,87492,45639,32463,47049,-4720,
equal-time,27,19,legacy,B,12,3,3,100.224875,6,90112,899098.153028,83979,90111,9864,6132,15433,-3980,
equal-time,27,20,optimized,W,19,4,5,100.157666,8,249856,2494626.821675,111345,88181,42048,27499,52739,-4780,
equal-time,27,21,legacy,B,1,1,2,0.007375,0,0,0.000000,0,0,0,0,0,99999999,
equal-time,27,22,optimized,W,12,3,3,100.437958,7,231424,2304148.796016,63668,131103,60662,48182,76089,-1070,
equal-time,27,23,legacy,B,17,4,3,100.861833,5,83968,832505.195498,82488,83967,4190,1479,10947,6000,
equal-time,27,24,optimized,W,14,3,5,100.043166,7,266240,2661251.244288,119545,78276,40235,26383,43369,14670,
equal-time,27,25,legacy,B,9,2,5,0.010250,0,0,0.000000,0,0,0,0,0,99999999,
equal-time,27,26,optimized,W,13,3,4,100.014750,9,264192,2641530.374270,128434,88455,51144,34441,45571,10280,
equal-time,27,27,legacy,B,11,3,2,0.013000,0,0,0.000000,0,0,0,0,0,99999999,
equal-time,27,28,optimized,W,13,3,4,100.002375,8,276480,2764734.337559,74266,106210,56748,43905,53390,4800,
equal-time,27,29,legacy,B,13,3,4,0.010167,0,0,0.000000,0,0,0,0,0,99999999,
equal-time,27,30,optimized,W,7,2,3,100.183709,8,247808,2473535.891948,56145,142916,64086,46936,88181,5570,
equal-time,27,31,legacy,B,23,5,4,101.381833,5,96256,949440.320338,93181,96255,8013,3074,18262,-870,
equal-time,27,32,optimized,W,5,2,1,100.042500,11,285696,2855746.307819,111935,94825,60947,24314,60771,5890,
equal-time,27,33,legacy,B,23,5,4,100.624750,6,96256,956583.743065,92368,96255,8053,3887,18202,-16350,
equal-time,27,34,optimized,W,23,5,4,100.274791,11,261120,2604044.320571,101120,104905,68212,34303,61399,6300,
equal-time,27,35,legacy,B,7,2,3,101.821333,6,86016,844773.855003,82911,86015,7167,3104,18979,-19460,
equal-time,27,36,optimized,W,12,3,3,4.970916,5,15422,3102446.309694,7175,3053,1778,1147,1403,99999992,
equal-time,27,37,legacy,B,6,2,2,102.271833,4,77824,760952.431546,77470,77823,2241,353,11615,-10300,
equal-time,27,38,optimized,W,14,3,5,0.016334,1,29,1775437.737235,23,1,1,0,0,99999996,
equal-time,27,39,legacy,B,11,3,2,0.007833,0,0,0.000000,0,0,0,0,0,99999999,
equal-time,27,40,optimized,W,14,3,5,0.016458,1,44,2673471.867785,21,1,1,0,0,99999998,optimized-win
equal-time,28,5,optimized,B,6,2,2,100.041250,6,297984,2978611.322829,195591,48237,22523,9612,28662,-130,
equal-time,28,6,legacy,W,16,4,2,101.635667,5,96256,947069.103212,95805,96255,4144,450,14749,-420,
equal-time,28,7,optimized,B,17,4,3,0.722292,5,2351,3254916.294241,815,1492,1481,1029,396,99999992,
equal-time,28,8,legacy,W,7,2,3,100.972083,5,94208,933010.364855,93557,94207,4723,650,13897,-660,
equal-time,28,9,optimized,B,23,5,4,0.360041,3,886,2460830.849820,677,181,110,71,88,99999994,
equal-time,28,10,legacy,W,5,2,1,0.005792,0,0,0.000000,0,0,0,0,0,-99999999,
equal-time,28,11,optimized,B,21,5,2,0.010084,1,27,2677508.925030,24,1,1,0,0,99999996,
equal-time,28,12,legacy,W,20,5,1,0.008750,0,0,0.000000,0,0,0,0,0,-99999999,
equal-time,28,13,optimized,B,24,5,5,0.007583,1,25,3296848.213108,1,1,0,0,0,99999998,optimized-win
equal-time,29,5,legacy,B,6,2,2,101.409542,5,96256,949180.896606,92777,96255,8024,3478,18113,5140,
equal-time,29,6,optimized,W,16,4,2,24.275791,6,70356,2898195.984633,32149,21637,11048,7985,11332,-99999991,
equal-time,29,7,legacy,B,7,2,3,100.782833,5,94208,934762.371683,92053,94207,7864,2154,16425,9590,
equal-time,29,8,optimized,W,8,2,4,0.000625,1,0,0.000000,0,1,1,1,0,-99999993,
equal-time,29,9,legacy,B,12,3,3,18.916333,5,17770,939399.829766,17437,17770,534,333,1403,99999999,
equal-time,29,10,optimized,W,17,4,3,0.038791,2,82,2113892.397721,22,27,27,24,0,-99999995,
equal-time,29,11,legacy,B,18,4,4,0.218625,3,252,1152658.662093,210,252,151,42,72,99999999,
equal-time,29,12,optimized,W,0,1,1,0.004459,1,25,5606638.259699,0,1,0,0,0,-99999997,
equal-time,29,13,legacy,B,24,5,5,0.004750,0,0,0.000000,0,0,0,0,0,99999999,legacy-win
equal-time,30,5,optimized,B,12,3,3,100.085917,7,273408,2731732.976978,109922,82243,34745,21492,51613,660,
equal-time,30,6,legacy,W,11,3,2,100.390667,5,96256,958814.229215,95735,96255,3876,520,13675,-140,
equal-time,30,7,optimized,B,8,2,4,21.068875,7,57166,2713291.526007,40997,10632,7817,2637,5969,99999990,
equal-time,30,8,legacy,W,23,5,4,101.410125,5,98304,969370.661953,97807,98303,4799,496,14728,30,
equal-time,30,9,optimized,B,5,2,1,0.410458,5,1279,3116031.360090,168,404,321,216,171,99999992,
equal-time,30,10,legacy,W,20,5,1,100.292000,5,96256,959757.508076,95681,96255,6591,574,13788,9840,
equal-time,30,11,optimized,B,6,2,2,0.376958,3,949,2517521.845935,646,125,56,20,84,99999994,
equal-time,30,12,legacy,W,7,2,3,0.006583,0,0,0.000000,0,0,0,0,0,-99999999,
equal-time,30,13,optimized,B,18,4,4,0.011084,1,30,2706604.114038,24,1,1,0,0,99999996,
equal-time,30,14,legacy,W,0,1,1,0.004834,0,0,0.000000,0,0,0,0,0,-99999999,
equal-time,30,15,optimized,B,13,3,4,0.009833,1,23,2339062.341096,0,1,0,0,0,99999998,optimized-win
equal-time,31,5,legacy,B,12,3,3,100.949958,5,100352,994076.688967,94326,100351,10556,6025,20244,5290,
equal-time,31,6,optimized,W,11,3,2,100.028333,7,229376,2293110.293061,85809,83540,36791,22286,53878,-60,
equal-time,31,7,legacy,B,8,2,4,101.463667,5,96256,948674.563477,92162,96255,8817,4093,18471,5480,
equal-time,31,8,optimized,W,5,2,1,1.169542,6,3751,3207238.389045,1399,1583,1269,1043,420,-99999991,
equal-time,31,9,legacy,B,23,5,4,0.008709,0,0,0.000000,0,0,0,0,0,99999999,
equal-time,31,10,optimized,W,16,4,2,0.093583,4,547,5845078.700191,93,434,433,384,39,-99999993,
equal-time,31,11,legacy,B,18,4,4,17.024167,5,17000,998580.429809,16634,17000,472,366,1262,99999999,
equal-time,31,12,optimized,W,13,3,4,0.010875,2,51,4689655.172414,1,27,27,24,1,-99999995,
equal-time,31,13,legacy,B,6,2,2,0.278083,3,319,1147139.523092,270,319,172,49,89,99999999,
equal-time,31,14,optimized,W,0,1,1,0.004041,1,25,6186587.478347,0,1,0,0,0,-99999997,
equal-time,31,15,legacy,B,24,5,5,0.004792,0,0,0.000000,0,0,0,0,0,99999999,legacy-win
equal-time,32,5,optimized,B,7,2,3,100.217084,7,271360,2707721.968841,75599,127682,64746,46397,72814,250,
equal-time,32,6,legacy,W,16,4,2,101.051958,6,100352,993073.286121,97309,100351,9335,3042,22375,-130,
equal-time,32,7,optimized,B,19,4,5,0.459750,6,2218,4824361.065797,590,1492,1452,1355,92,-99999991,
equal-time,32,8,legacy,W,1,1,2,0.003916,0,0,0.000000,0,0,0,0,0,-99999999,
equal-time,32,9,optimized,B,20,5,1,0.119375,4,638,5344502.617801,122,466,444,398,54,-99999993,
equal-time,32,10,legacy,W,18,4,4,10.199667,5,10370,1016699.858927,10137,10370,909,233,2157,-99999999,
equal-time,32,11,optimized,B,15,4,1,0.010459,2,51,4876183.191510,1,27,27,24,1,-99999995,
equal-time,32,12,legacy,W,6,2,2,0.217792,3,249,1143292.682927,201,249,127,48,24,-99999999,
equal-time,32,13,optimized,B,11,3,2,0.006500,1,25,3846153.846154,0,1,0,0,0,-99999997,
equal-time,32,14,legacy,W,24,5,5,0.004167,0,0,0.000000,0,0,0,0,0,-99999999,legacy-win
equal-time,33,5,legacy,B,7,2,3,102.186458,6,104448,1022131.523533,99219,104447,10259,5228,20440,-5170,
equal-time,33,6,optimized,W,16,4,2,61.311541,7,176721,2882344.777470,112367,37390,21242,9470,21851,99999990,
equal-time,33,7,legacy,B,19,4,5,101.651833,6,106496,1047654.497288,102329,106495,8612,4166,13789,-9780,
equal-time,33,8,optimized,W,1,1,2,0.185000,5,632,3416216.216216,204,356,345,276,68,99999992,
equal-time,33,9,legacy,B,8,2,4,34.422291,6,41830,1215200.928956,37287,41830,6429,4543,7217,-99999999,
equal-time,33,10,optimized,W,6,2,2,0.272125,3,914,3358750.574185,523,125,100,63,40,99999994,
equal-time,33,11,legacy,B,11,3,2,0.006333,0,0,0.000000,0,0,0,0,0,99999999,
equal-time,33,12,optimized,W,18,4,4,0.009042,1,27,2986065.029861,22,1,1,0,0,99999996,
equal-time,33,13,legacy,B,15,4,1,0.007125,0,0,0.000000,0,0,0,0,0,99999999,
equal-time,33,14,optimized,W,24,5,5,0.004291,1,25,5826147.751107,1,1,0,0,0,99999998,optimized-win
equal-time,34,5,optimized,B,8,2,4,8.891667,5,29305,3295782.444394,16624,6067,2374,1187,3946,99999992,
equal-time,34,6,legacy,W,6,2,2,100.781500,5,104448,1036380.684947,103851,104447,4886,596,15816,-60,
equal-time,34,7,optimized,B,12,3,3,0.248791,3,779,3131142.203697,620,122,99,68,35,99999994,
equal-time,34,8,legacy,W,16,4,2,4.597125,4,4792,1042390.624575,4681,4792,521,111,554,99999999,
equal-time,34,9,optimized,B,17,4,3,0.011875,1,31,2610526.315789,23,1,1,0,0,99999996,
equal-time,34,10,legacy,W,2,1,3,0.004500,0,0,0.000000,0,0,0,0,0,-99999999,
equal-time,34,11,optimized,B,22,5,3,0.016042,1,46,2867472.883680,22,1,0,0,0,99999998,optimized-win
equal-time,35,5,legacy,B,8,2,4,100.401083,5,102400,1019909.317114,99141,102399,10782,3258,19531,9780,
equal-time,35,6,optimized,W,6,2,2,1.755042,4,5078,2893378.050212,2413,1848,1088,700,1004,-99999993,
equal-time,35,7,legacy,B,12,3,3,29.057417,5,30471,1048647.923523,29677,30471,1618,794,3109,99999999,
equal-time,35,8,optimized,W,16,4,2,0.024875,2,82,3296482.412060,49,27,27,24,0,-99999995,
equal-time,35,9,legacy,B,17,4,3,0.330875,3,395,1193804.306762,356,395,151,39,94,99999999,
equal-time,35,10,optimized,W,2,1,3,0.004000,1,25,6250000.000000,0,1,0,0,0,-99999997,
equal-time,35,11,legacy,B,22,5,3,0.003708,0,0,0.000000,0,0,0,0,0,99999999,legacy-win
equal-time,36,5,optimized,B,6,2,2,6.351292,5,20167,3175259.459020,14340,2944,1254,506,1773,99999992,
equal-time,36,6,legacy,W,12,3,3,100.183042,5,104448,1042571.655989,103859,104447,5183,588,14587,220,
equal-time,36,7,optimized,B,16,4,2,0.149584,3,415,2774360.894213,95,172,121,76,92,99999994,
equal-time,36,8,legacy,W,17,4,3,60.853625,5,60006,986071.084508,59599,60006,3421,407,7532,99999999,
equal-time,36,9,optimized,B,11,3,2,0.014708,1,29,1971716.072886,23,1,1,0,0,99999996,
equal-time,36,10,legacy,W,1,1,2,0.004583,0,0,0.000000,0,0,0,0,0,-99999999,
equal-time,36,11,optimized,B,21,5,2,0.017125,1,46,2686131.386861,22,1,0,0,0,99999998,optimized-win
equal-time,37,5,legacy,B,8,2,4,100.141375,6,100352,1002103.276493,95510,100351,10121,4841,21102,4630,
equal-time,37,6,optimized,W,13,3,4,1.686166,4,4597,2726303.341427,2013,1518,657,521,856,-99999993,
equal-time,37,7,legacy,B,6,2,2,24.608666,5,25675,1043331.645852,25180,25675,1360,495,3059,99999999,
equal-time,37,8,optimized,W,7,2,3,0.017916,2,77,4297834.338022,25,27,27,24,0,-99999995,
equal-time,37,9,legacy,B,12,3,3,0.474458,3,506,1066480.067783,464,506,153,42,119,99999999,
equal-time,37,10,optimized,W,0,1,1,0.004250,1,25,5882352.941176,0,1,0,0,0,-99999997,
equal-time,37,11,legacy,B,24,5,5,0.004792,0,0,0.000000,0,0,0,0,0,99999999,legacy-win
equal-time,38,5,optimized,B,8,2,4,0.287584,3,918,3192110.826750,731,123,48,18,84,99999994,
equal-time,38,6,legacy,W,9,2,5,6.287083,4,6919,1100510.363868,6916,6919,288,3,1280,99999999,
equal-time,38,7,optimized,B,13,3,4,0.010792,1,29,2687175.685693,24,1,1,0,0,99999996,
equal-time,38,8,legacy,W,3,1,4,0.005083,0,0,0.000000,0,0,0,0,0,-99999999,
equal-time,38,9,optimized,B,23,5,4,0.015333,1,44,2869627.600600,20,1,0,0,0,99999998,optimized-win
equal-time,39,5,legacy,B,8,2,4,37.708583,5,38272,1014941.346377,38054,38272,1086,218,4604,99999999,
equal-time,39,6,optimized,W,9,2,5,0.052166,2,124,2377027.182456,66,27,1,0,24,-99999995,
equal-time,39,7,legacy,B,13,3,4,0.620500,3,668,1076551.168413,628,668,176,40,125,99999999,
equal-time,39,8,optimized,W,3,1,4,0.004417,1,25,5659950.192438,0,1,0,0,0,-99999997,
equal-time,39,9,legacy,B,23,5,4,0.004209,0,0,0.000000,0,0,0,0,0,99999999,legacy-win
equal-time,40,5,optimized,B,13,3,4,100.047625,6,299008,2988656.652269,131817,81294,33041,22836,49035,-230,
equal-time,40,6,legacy,W,7,2,3,101.129167,5,100352,992315.105295,99395,100351,4416,956,14228,-350,
equal-time,40,7,optimized,B,8,2,4,100.098167,7,296960,2966687.691694,121796,82636,35797,19499,53548,280,
equal-time,40,8,legacy,W,18,4,4,100.347375,5,98304,979636.986020,97702,98303,3426,601,12254,-460,
equal-time,40,9,optimized,B,17,4,3,100.200375,7,306176,3055637.266827,141877,74011,32183,18188,45886,190,
equal-time,40,10,legacy,W,21,5,2,101.278666,5,96256,950407.462910,95546,96255,4613,709,14253,-630,
equal-time,40,11,optimized,B,6,2,2,100.222500,7,282624,2819965.576592,151626,77458,29961,19060,49534,220,
equal-time,40,12,legacy,W,7,2,3,100.144833,5,94208,940717.530579,93418,94207,4028,789,12904,-910,
equal-time,40,13,optimized,B,7,2,3,100.332584,7,275456,2745429.141943,138204,102809,48435,32977,61447,460,
equal-time,40,14,legacy,W,17,4,3,100.923958,5,94208,933455.265399,93732,94207,3749,475,9966,-810,
equal-time,40,15,optimized,B,8,2,4,100.212875,6,285696,2850891.165432,149649,74238,28416,18952,46234,-1090,
equal-time,40,16,legacy,W,11,3,2,100.287875,5,90112,898533.347127,89583,90111,3195,528,9415,-1300,
equal-time,40,17,optimized,B,8,2,4,100.197875,7,299008,2984175.063593,132718,76778,37309,25699,41060,680,
equal-time,40,18,legacy,W,8,2,4,0.007667,0,0,0.000000,0,0,0,0,0,-99999999,
equal-time,40,19,optimized,B,11,3,2,100.331833,8,328704,3276168.591478,85189,117477,58801,40881,65707,-4730,
equal-time,40,20,legacy,W,3,1,4,100.826917,5,90112,893729.598020,89770,90111,5091,341,18124,-4800,
equal-time,40,21,optimized,B,15,4,1,100.242084,8,291840,2911352.082425,65625,136224,70883,52541,73918,-4620,
equal-time,40,22,legacy,W,15,4,1,100.021625,5,92160,921400.747088,91769,92159,4465,390,14278,-4840,
equal-time,40,23,optimized,B,3,1,4,100.367875,9,278528,2775071.206798,96552,124361,66083,41406,73946,5440,
equal-time,40,24,legacy,W,18,4,4,100.721833,5,94208,935328.490299,93462,94207,6422,745,13388,-3830,
equal-time,40,25,optimized,B,6,2,2,100.255000,8,284672,2839479.327714,88603,132885,65325,47258,76836,280,
equal-time,40,26,legacy,W,18,4,4,100.763958,5,94208,934937.470400,93518,94207,4440,689,13497,360,
equal-time,40,27,optimized,B,18,4,4,100.058333,8,292864,2926932.632388,126202,82852,39583,23960,49469,880,
equal-time,40,28,legacy,W,16,4,2,100.039375,5,92160,921237.262828,91543,92159,4128,616,11654,540,
equal-time,40,29,optimized,B,16,4,2,100.060250,9,266240,2660796.869886,63869,116905,50207,33231,75724,18980,
equal-time,40,30,legacy,W,17,4,3,0.010917,0,0,0.000000,0,0,0,0,0,-99999999,
equal-time,40,31,optimized,B,6,2,2,100.117708,8,319488,3191123.792007,83392,79986,51483,26057,42994,8780,
equal-time,40,32,legacy,W,6,2,2,0.008125,0,0,0.000000,0,0,0,0,0,-99999999,
equal-time,40,33,optimized,B,1,1,2,100.336167,8,247808,2469777.423329,51694,132239,64013,42447,82229,13450,
equal-time,40,34,legacy,W,17,4,3,100.627750,5,88064,875146.269295,87604,88063,4186,459,13240,-5220,
equal-time,40,35,optimized,B,17,4,3,2.182666,7,8298,3801772.694494,2220,3348,2992,2201,902,99999990,
equal-time,40,36,legacy,W,1,1,2,101.214250,5,94208,930778.027797,93490,94207,4717,717,12573,3980,
equal-time,40,37,optimized,B,21,5,2,1.350584,5,5681,4206328.521588,1481,2635,2431,1797,657,99999992,
equal-time,40,38,legacy,W,21,5,2,100.637042,5,98304,976817.263767,97753,98303,4675,550,12693,3810,
equal-time,40,39,optimized,B,11,3,2,0.110875,3,294,2651634.723788,113,149,135,79,69,99999994,
equal-time,40,40,legacy,W,16,4,2,0.091625,2,97,1058663.028649,74,97,72,23,23,99999999,
equal-time,40,41,optimized,B,16,4,2,0.007083,1,23,3247211.633489,0,1,1,0,0,99999998,optimized-win
equal-time,41,5,legacy,B,12,3,3,100.792667,6,102400,1015946.923996,98662,102399,8288,3737,18102,-320,
equal-time,41,6,optimized,W,17,4,3,100.186209,6,311296,3107174.162065,167000,64046,27358,14800,39084,-470,
equal-time,41,7,legacy,B,16,4,2,101.310125,5,100352,990542.653067,97370,100351,8452,2981,18729,4770,
equal-time,41,8,optimized,W,6,2,2,100.244208,7,280576,2798924.801720,135619,84437,31768,21417,54338,380,
equal-time,41,9,legacy,B,8,2,4,101.458750,5,104448,1029462.712679,98624,104447,8469,5823,18063,4940,
equal-time,41,10,optimized,W,20,5,1,100.120375,8,281600,2812614.315518,146076,68551,25318,14769,45013,-510,
equal-time,41,11,legacy,B,23,5,4,100.958042,6,102400,1014282.745301,97444,102399,8744,4955,17040,-180,
equal-time,41,12,optimized,W,12,3,3,100.248333,7,254976,2543443.789734,120254,98648,41403,28076,62919,670,
equal-time,41,13,legacy,B,16,4,2,101.142875,5,96256,951683.447796,94549,96255,7809,1706,13576,4480,
equal-time,41,14,optimized,W,17,4,3,100.227083,7,256000,2554199.846363,102814,91619,36756,21285,62615,710,
equal-time,41,15,legacy,B,12,3,3,100.560250,5,98304,977563.202160,96111,98303,7004,2192,15274,4500,
equal-time,41,16,optimized,W,17,4,3,100.208709,7,285696,2851009.686194,103747,116863,59294,39717,68139,480,
equal-time,41,17,legacy,B,17,4,3,0.008625,0,0,0.000000,0,0,0,0,0,99999999,
equal-time,41,18,optimized,W,9,2,5,100.373250,7,313344,3121787.926564,105801,88147,39449,24750,52797,-220,
equal-time,41,19,legacy,B,21,5,2,101.394084,5,96256,949325.603652,93963,96255,5399,2292,16985,5770,
equal-time,41,20,optimized,W,22,5,3,100.015042,8,260096,2600568.822438,103464,106324,42158,28145,70620,-10370,
equal-time,41,21,legacy,B,6,2,2,101.732417,5,96256,946168.417487,94085,96255,6712,2170,15500,5940,
equal-time,41,22,optimized,W,19,4,5,100.344375,8,277504,2765516.253402,82496,119166,55989,36262,74064,-10780,
equal-time,41,23,legacy,B,14,3,5,0.010000,0,0,0.000000,0,0,0,0,0,99999999,
equal-time,41,24,optimized,W,11,3,2,100.138791,8,268288,2679161.564872,90454,110205,49265,30111,71652,-15030,
equal-time,41,25,legacy,B,11,3,2,102.005458,5,98304,963713.137781,94652,98303,6507,3651,15980,15880,
equal-time,41,26,optimized,W,11,3,2,100.464167,8,301056,2996650.537101,129276,81191,38727,22647,48650,-15140,
equal-time,41,27,legacy,B,6,2,2,101.719708,5,96256,946286.633068,93265,96255,7156,2990,14050,20060,
equal-time,41,28,optimized,W,6,2,2,100.291500,8,304128,3032440.436129,129741,73184,31583,16489,47101,-9300,
equal-time,41,29,legacy,B,8,2,4,101.541583,5,92160,907608.462240,89892,92159,7468,2267,12825,20200,
equal-time,41,30,optimized,W,23,5,4,100.151916,7,266240,2658361.523508,98302,114922,48066,30179,76828,-770,
equal-time,41,31,legacy,B,18,4,4,100.944291,5,94208,933267.241433,93422,94207,6359,785,9996,20760,
equal-time,41,32,optimized,W,13,3,4,100.014250,10,259072,2590350.875000,43333,134186,65572,33314,92111,3600,
equal-time,41,33,legacy,B,13,3,4,101.064875,6,96256,952417.939467,90549,96255,10738,5706,16111,-2750,
equal-time,41,34,optimized,W,15,4,1,65.468375,9,197469,3016250.212412,78742,53268,30680,12216,34115,99999988,
equal-time,41,35,legacy,B,8,2,4,100.355916,5,94208,938738.878134,91724,94207,5607,2483,13686,27360,
equal-time,41,36,optimized,W,8,2,4,0.259541,7,1271,4897106.815494,181,936,930,809,93,99999990,
equal-time,41,37,legacy,B,16,4,2,100.862208,5,94208,934026.746668,92587,94207,6154,1620,10971,15560,
equal-time,41,38,optimized,W,16,4,2,0.056292,3,141,2504796.418674,20,99,97,70,33,99999994,
equal-time,41,39,legacy,B,18,4,4,0.009791,0,0,0.000000,0,0,0,0,0,99999999,
equal-time,41,40,optimized,W,5,2,1,0.009166,1,28,3054767.619463,18,1,1,0,0,99999996,
equal-time,41,41,legacy,B,5,2,1,0.006583,0,0,0.000000,0,0,0,0,0,99999999,
equal-time,41,42,optimized,W,10,3,1,0.013042,1,41,3143689.618157,17,1,1,0,0,99999998,optimized-win
equal-time,42,5,optimized,B,17,4,3,100.298583,7,313344,3124111.932867,165094,68169,27144,13911,44186,590,
equal-time,42,6,legacy,W,16,4,2,100.825666,5,100352,995302.128726,99980,100351,3555,371,14412,-100,
equal-time,42,7,optimized,B,12,3,3,46.931959,7,145410,3098315.158760,91190,29055,16877,7663,16657,99999990,
equal-time,42,8,legacy,W,16,4,2,101.758125,5,102400,1006307.850110,101952,102399,5559,447,15799,120,
equal-time,42,9,optimized,B,16,4,2,0.101959,5,430,4217381.496484,88,294,294,250,38,99999992,
equal-time,42,10,legacy,W,7,2,3,101.365333,5,104448,1030411.452405,103947,104447,6492,500,14375,4700,
equal-time,42,11,optimized,B,11,3,2,0.075875,3,225,2965403.624382,84,114,114,84,32,99999994,
equal-time,42,12,legacy,W,9,2,5,4.481000,4,4524,1009596.072305,4385,4524,1374,139,1124,99999999,
equal-time,42,13,optimized,B,13,3,4,0.012792,1,32,2501563.477173,23,1,1,0,0,99999996,
equal-time,42,14,legacy,W,10,3,1,0.006666,0,0,0.000000,0,0,0,0,0,-99999999,
equal-time,42,15,optimized,B,14,3,5,0.015916,1,43,2701683.840161,19,1,0,0,0,99999998,optimized-win
equal-time,43,5,legacy,B,13,3,4,101.511125,5,102400,1008756.429406,98971,102399,7457,3428,20042,5180,
equal-time,43,6,optimized,W,10,3,1,100.082791,7,307200,3069458.764394,81517,105790,42774,25724,69843,-10,
equal-time,43,7,legacy,B,5,2,1,101.014250,6,100352,993443.994288,96454,100351,7236,3897,17279,10,
equal-time,43,8,optimized,W,17,4,3,100.227083,9,294912,2942438.223010,107835,99199,54499,27158,62394,-80,
equal-time,43,9,legacy,B,18,4,4,0.008542,0,0,0.000000,0,0,0,0,0,99999999,
equal-time,43,10,optimized,W,8,2,4,100.242000,9,286720,2860278.126933,86309,123378,65596,41814,72733,140,
equal-time,43,11,legacy,B,12,3,3,100.215417,6,100352,1001362.894094,95433,100351,7161,4918,15694,-190,
equal-time,43,12,optimized,W,6,2,2,100.027708,9,252928,2528579.381225,70435,125588,50266,34056,83707,-160,
equal-time,43,13,legacy,B,23,5,4,101.122500,5,98304,972127.864719,96121,98303,7442,2182,13368,4880,
equal-time,43,14,optimized,W,22,5,3,100.205958,8,258048,2575176.218564,96741,105486,43753,28005,69651,-840,
equal-time,43,15,legacy,B,7,2,3,102.101250,4,96256,942750.456042,95722,96255,2141,533,8763,-660,
equal-time,43,16,optimized,W,17,4,3,100.089667,7,262144,2619091.539190,100054,94014,39248,25584,60602,1210,
equal-time,43,17,legacy,B,11,3,2,100.611541,6,96256,956709.330195,93212,96255,6889,3043,15971,-1210,
equal-time,43,18,optimized,W,14,3,5,100.388333,8,257024,2560297.519832,101916,104523,48780,32970,63726,-40,
equal-time,43,19,legacy,B,19,4,5,100.503292,6,96256,957739.772345,93236,96255,6894,3019,15588,-5500,
equal-time,43,20,optimized,W,1,1,2,100.291333,8,260096,2593404.556703,114281,117295,64094,45650,63577,320,
equal-time,43,21,legacy,B,17,4,3,101.931542,6,96256,944320.061400,93108,96255,8015,3147,18801,-6240,
equal-time,43,22,optimized,W,12,3,3,100.108792,7,285696,2853855.233814,124880,78537,42853,28612,40635,15450,
equal-time,43,23,legacy,B,7,2,3,101.743000,6,98304,966199.148836,92246,98303,11344,6057,18030,-6470,
equal-time,43,24,optimized,W,18,4,4,100.291750,8,249856,2491291.656592,78868,113062,53436,35196,70042,16110,
equal-time,43,25,legacy,B,7,2,3,101.875250,6,96256,944841.853149,92315,96255,8322,3940,18340,-6060,
equal-time,43,26,optimized,W,7,2,3,0.043542,3,142,3261219.052868,25,99,99,84,19,99999994,
equal-time,43,27,legacy,B,12,3,3,0.007833,0,0,0.000000,0,0,0,0,0,99999999,
equal-time,43,28,optimized,W,16,4,2,0.009959,1,29,2911938.949694,23,1,1,0,0,99999996,
equal-time,43,29,legacy,B,15,4,1,0.008459,0,0,0.000000,0,0,0,0,0,99999999,
equal-time,43,30,optimized,W,19,4,5,0.014459,1,44,3043087.350439,20,1,1,0,0,99999998,optimized-win
equal-time,44,5,optimized,B,12,3,3,100.230292,6,305152,3044508.739933,170789,65616,26282,13647,42121,0,
equal-time,44,6,legacy,W,8,2,4,100.090667,5,96256,961688.066281,95850,96255,4065,405,14354,-200,
equal-time,44,7,optimized,B,7,2,3,100.405000,7,306176,3049409.889946,155193,68956,29719,15879,43148,890,
equal-time,44,8,legacy,W,17,4,3,100.386042,5,96256,958858.403841,95660,96255,5088,595,14638,-350,
equal-time,44,9,optimized,B,18,4,4,100.161000,7,289792,2893261.848424,127010,87261,39337,20865,57042,870,
equal-time,44,10,legacy,W,24,5,5,100.411417,5,96256,958616.090439,95726,96255,5442,529,15285,-190,
equal-time,44,11,optimized,B,11,3,2,100.391500,8,251904,2509216.417725,86472,114424,46229,30654,76022,220,
equal-time,44,12,legacy,W,9,2,5,101.328917,5,94208,929724.730010,93495,94207,7362,712,16291,-230,
equal-time,44,13,optimized,B,14,3,5,100.255209,10,256000,2553483.280854,93948,116690,58361,39839,68836,300,
equal-time,44,14,legacy,W,13,3,4,0.007292,0,0,0.000000,0,0,0,0,0,-99999999,
equal-time,44,15,optimized,B,21,5,2,100.234542,9,292864,2921787.181908,169043,66595,39571,26724,30000,5470,
equal-time,44,16,legacy,W,6,2,2,100.768750,5,94208,934893.009986,93845,94207,2677,362,11135,200,
equal-time,44,17,optimized,B,11,3,2,100.167709,7,229376,2289919.598740,69244,146431,61481,48610,91929,5470,
equal-time,44,18,legacy,W,13,3,4,100.096167,5,92160,920714.576413,91762,92159,2686,397,10796,-130,
equal-time,44,19,optimized,B,13,3,4,100.341958,7,258048,2571685.914281,117390,93548,42091,28522,57045,5720,
equal-time,44,20,legacy,W,17,4,3,100.026542,5,92160,921355.453835,91407,92159,6742,752,16635,-3920,
equal-time,44,21,optimized,B,15,4,1,100.130583,8,247808,2474848.268885,83335,111553,49578,33259,70311,4660,
equal-time,44,22,legacy,W,3,1,4,0.008000,0,0,0.000000,0,0,0,0,0,-99999999,
equal-time,44,23,optimized,B,5,2,1,100.376333,8,262144,2611611.643553,94941,110829,59574,39868,62604,130,
equal-time,44,24,legacy,W,10,3,1,0.008958,0,0,0.000000,0,0,0,0,0,-99999999,
equal-time,44,25,optimized,B,17,4,3,100.002833,7,258048,2580406.897073,55641,144431,71339,56839,79802,5940,
equal-time,44,26,legacy,W,21,5,2,101.678333,5,92160,906387.794536,91605,92159,3383,554,12987,280,
equal-time,44,27,optimized,B,9,2,5,100.012750,8,269312,2692776.670974,102036,110375,56188,39135,62865,4680,
equal-time,44,28,legacy,W,18,4,4,101.320875,5,92160,909585.512364,91488,92159,5980,671,16874,4230,
equal-time,44,29,optimized,B,9,2,5,100.348167,7,263168,2622549.149303,103690,111868,56235,41674,62733,14770,
equal-time,44,30,legacy,W,21,5,2,0.012500,0,0,0.000000,0,0,0,0,0,-99999999,
equal-time,44,31,optimized,B,8,2,4,100.074625,7,263168,2629717.573261,81289,118169,56741,41417,68828,11110,
equal-time,44,32,legacy,W,18,4,4,100.412042,5,92160,917818.203518,91739,92159,3832,420,14121,4290,
equal-time,44,33,optimized,B,11,3,2,100.274250,8,266240,2655118.337958,65520,106205,48713,31592,66029,10290,
equal-time,44,34,legacy,W,11,3,2,0.008542,0,0,0.000000,0,0,0,0,0,-99999999,
equal-time,44,35,optimized,B,7,2,3,25.018750,7,93737,3746669.997502,24593,16249,12776,6954,5815,99999990,
equal-time,44,36,legacy,W,6,2,2,0.008292,0,0,0.000000,0,0,0,0,0,-99999999,
equal-time,44,37,optimized,B,7,2,3,0.514125,5,2226,4329686.360321,639,1401,1395,1153,181,99999992,
equal-time,44,38,legacy,W,7,2,3,0.007541,0,0,0.000000,0,0,0,0,0,-99999999,
equal-time,44,39,optimized,B,15,4,1,0.071500,3,248,3468531.468531,76,110,108,91,20,99999994,
equal-time,44,40,legacy,W,3,1,4,0.006125,0,0,0.000000,0,0,0,0,0,-99999999,
equal-time,44,41,optimized,B,15,4,1,0.010542,1,29,2750901.157276,22,1,1,0,0,99999996,
equal-time,44,42,legacy,W,3,1,4,0.005834,0,0,0.000000,0,0,0,0,0,-99999999,
equal-time,44,43,optimized,B,3,1,4,0.003917,1,23,5871840.694409,0,1,0,0,0,99999998,optimized-win
equal-time,45,5,legacy,B,12,3,3,101.261083,5,100352,991022.385174,96439,100351,7592,3912,19016,5040,
equal-time,45,6,optimized,W,13,3,4,100.439500,7,303104,3017776.870653,145971,78080,33397,16858,51478,30,
equal-time,45,7,legacy,B,5,2,1,100.124250,5,98304,981820.088540,94530,98303,9296,3773,18743,5090,
equal-time,45,8,optimized,W,17,4,3,100.082250,7,270336,2701138.313737,92294,106304,46166,26249,71927,440,
equal-time,45,9,legacy,B,15,4,1,100.684625,5,100352,996696.367494,96739,100351,8047,3612,16628,4930,
equal-time,45,10,optimized,W,10,3,1,100.311125,10,265216,2643934.060155,81776,109560,46851,26104,74958,-50,
equal-time,45,11,legacy,B,9,2,5,100.739125,6,100352,996157.153440,95636,100351,8319,4715,17143,-4920,
equal-time,45,12,optimized,W,13,3,4,100.032334,7,283648,2835563.149011,69516,135496,62985,45743,80390,1060,
equal-time,45,13,legacy,B,18,4,4,101.164250,6,100352,991970.977890,94747,100351,9332,5604,16326,-4330,
equal-time,45,14,optimized,W,6,2,2,100.249167,8,267264,2665997.214720,127566,100656,47800,29959,62407,-80,
equal-time,45,15,legacy,B,13,3,4,101.278208,5,96256,950411.760840,95071,96255,4510,1184,10662,640,
equal-time,45,16,optimized,W,12,3,3,100.225250,7,293888,2932275.050449,140060,81320,38469,24969,46812,4970,
equal-time,45,17,legacy,B,12,3,3,100.444417,5,94208,937911.760690,93326,94207,3972,881,11314,610,
equal-time,45,18,optimized,W,16,4,2,100.166500,7,258048,2576190.642580,122298,93212,39937,27891,57640,10400,
equal-time,45,19,legacy,B,1,1,2,100.582041,6,98304,977351.414056,95174,98303,6147,3129,16655,-10300,
equal-time,45,20,optimized,W,11,3,2,100.094291,7,292864,2925881.157398,156488,68726,31810,21099,37850,11160,
equal-time,45,21,legacy,B,21,5,2,0.010959,0,0,0.000000,0,0,0,0,0,99999999,
equal-time,45,22,optimized,W,11,3,2,100.269583,7,303104,3022890.800294,147326,92054,48873,36190,46547,15760,
equal-time,45,23,legacy,B,10,3,1,0.009042,0,0,0.000000,0,0,0,0,0,99999999,
equal-time,45,24,optimized,W,11,3,2,100.138000,7,289792,2893926.381593,169579,73989,38127,26139,38959,24040,
equal-time,45,25,legacy,B,11,3,2,0.008625,0,0,0.000000,0,0,0,0,0,99999999,
equal-time,45,26,optimized,W,16,4,2,48.176834,7,168872,3505253.167944,67538,21824,15008,7100,8653,99999990,
equal-time,45,27,legacy,B,6,2,2,101.469250,6,98304,968805.820483,95482,98303,6332,2821,16824,-23790,
equal-time,45,28,optimized,W,16,4,2,4.372667,5,13895,3177694.528305,8276,2509,1698,1075,1000,99999992,
equal-time,45,29,legacy,B,16,4,2,0.008584,0,0,0.000000,0,0,0,0,0,99999999,
equal-time,45,30,optimized,W,6,2,2,0.079417,3,217,2732412.455771,93,123,123,66,60,99999994,
equal-time,45,31,legacy,B,6,2,2,99.424792,5,95352,959036.454409,94475,95352,2144,877,9121,-99999999,
equal-time,45,32,optimized,W,1,1,2,0.018041,1,29,1607449.697910,23,1,1,0,0,99999996,
equal-time,45,33,legacy,B,1,1,2,0.005000,0,0,0.000000,0,0,0,0,0,99999999,
equal-time,45,34,optimized,W,1,1,2,0.005250,1,24,4571428.571429,0,1,0,0,0,99999998,optimized-win
equal-time,46,5,optimized,B,12,3,3,6.026125,5,19350,3211018.689456,14558,2974,1306,570,1741,99999992,
equal-time,46,6,legacy,W,18,4,4,86.523750,6,91874,1061835.623167,91356,91874,4301,518,12652,99999999,
equal-time,46,7,optimized,B,16,4,2,0.157250,3,429,2728139.904610,129,174,119,81,89,99999994,
equal-time,46,8,legacy,W,8,2,4,0.005625,0,0,0.000000,0,0,0,0,0,-99999999,
equal-time,46,9,optimized,B,11,3,2,0.009083,1,27,2972586.149950,24,1,1,0,0,99999996,
equal-time,46,10,legacy,W,1,1,2,0.004583,0,0,0.000000,0,0,0,0,0,-99999999,
equal-time,46,11,optimized,B,21,5,2,0.015625,1,45,2880000.000000,21,1,0,0,0,99999998,optimized-win
equal-time,47,5,legacy,B,16,4,2,101.010833,6,102400,1013752.653639,97548,102399,11405,4851,21086,4770,
equal-time,47,6,optimized,W,21,5,2,0.912000,4,2863,3139254.385965,990,1135,506,414,632,-99999993,
equal-time,47,7,legacy,B,12,3,3,26.109416,5,26427,1012163.581139,26105,26427,1055,322,3565,99999999,
equal-time,47,8,optimized,W,8,2,4,0.009416,2,51,5416312.659303,1,27,27,24,1,-99999995,
equal-time,47,9,legacy,B,18,4,4,0.199500,3,252,1263157.894737,209,252,151,43,72,99999999,
equal-time,47,10,optimized,W,0,1,1,0.003959,1,25,6314725.940894,0,1,0,0,0,-99999997,
equal-time,47,11,legacy,B,24,5,5,0.004167,0,0,0.000000,0,0,0,0,0,99999999,legacy-win
equal-time,48,5,optimized,B,12,3,3,100.231958,6,307200,3064890.740736,146003,78845,28369,18932,50175,300,
equal-time,48,6,legacy,W,6,2,2,100.649542,5,100352,997043.781878,99889,100351,3868,462,15929,30,
equal-time,48,7,optimized,B,17,4,3,2.534083,5,7921,3125785.540568,3930,2240,1530,996,1015,99999992,
equal-time,48,8,legacy,W,7,2,3,100.513084,5,104448,1039148.296355,103679,104447,5094,768,14507,-650,
equal-time,48,9,optimized,B,9,2,5,0.015834,1,35,2210433.244916,24,1,1,0,0,99999994,
equal-time,48,10,legacy,W,19,4,5,0.007667,0,0,0.000000,0,0,0,0,0,-99999999,
equal-time,48,11,optimized,B,13,3,4,0.006333,1,25,3947576.188220,0,1,1,0,0,99999996,
equal-time,48,12,legacy,W,11,3,2,0.006000,0,0,0.000000,0,0,0,0,0,-99999999,
equal-time,48,13,optimized,B,21,5,2,0.007292,1,25,3428414.701042,1,1,0,0,0,99999998,optimized-win
equal-time,49,5,legacy,B,12,3,3,100.100125,6,104448,1043435.260445,98049,104447,11400,6398,21969,30,
equal-time,49,6,optimized,W,3,1,4,100.170042,7,283648,2831664.980234,73069,114951,46212,26946,78775,-370,
equal-time,49,7,legacy,B,4,1,5,100.924709,6,104448,1034910.093226,100315,104447,7502,4132,18330,-80,
equal-time,49,8,optimized,W,18,4,4,100.209500,7,279552,2789675.629556,74607,97309,39799,21668,66509,-70,
equal-time,49,9,legacy,B,7,2,3,101.728708,6,100352,986466.868330,94376,100351,11545,5975,21643,-70,
equal-time,49,10,optimized,W,17,4,3,100.120250,9,230400,2301232.767597,68334,100009,48931,25222,67669,0,
equal-time,49,11,legacy,B,16,4,2,100.073875,6,102400,1023244.078437,97277,102399,7957,5122,13421,-480,
equal-time,49,12,optimized,W,8,2,4,100.353833,10,288768,2877498.460871,172569,64648,29908,17123,38265,-1230,
equal-time,49,13,legacy,B,13,3,4,0.007166,0,0,0.000000,0,0,0,0,0,99999999,
equal-time,49,14,optimized,W,11,3,2,100.153584,8,231424,2310691.148107,69539,151468,63455,50811,94739,-1230,
equal-time,49,15,legacy,B,23,5,4,100.236500,6,98304,980720.595791,92867,98303,11295,5436,18907,-810,
equal-time,49,16,optimized,W,12,3,3,100.335542,7,274432,2735142.448326,113953,85423,35627,22330,54444,1030,
equal-time,49,17,legacy,B,18,4,4,102.133250,6,100352,982559.548433,95451,100351,9902,4900,17634,-1700,
equal-time,49,18,optimized,W,12,3,3,100.054333,7,268288,2681423.102386,132258,81158,31779,19722,52951,1250,
equal-time,49,19,legacy,B,19,4,5,100.513500,6,98304,978017.878195,94431,98303,10812,3872,19272,-5150,
equal-time,49,20,optimized,W,9,2,5,100.226833,9,284672,2840277.313761,89345,113761,70174,37209,66563,-2600,
equal-time,49,21,legacy,B,22,5,3,100.426083,6,96256,958476.096295,91796,96255,10721,4459,19184,-5610,
equal-time,49,22,optimized,W,21,5,2,100.151584,9,274432,2740166.346246,83846,106602,61291,37740,59621,6210,
equal-time,49,23,legacy,B,18,4,4,100.674042,6,102400,1017144.022091,92308,102399,16771,10091,20475,-6630,
equal-time,49,24,optimized,W,17,4,3,100.375708,7,267264,2662636.262551,109285,98939,44990,30762,59946,7560,
equal-time,49,25,legacy,B,18,4,4,100.264125,6,96256,960024.335723,92939,96255,9404,3316,18508,-7370,
equal-time,49,26,optimized,W,18,4,4,37.601167,9,110685,2943658.636978,71348,22138,9671,6392,11953,99999988,
equal-time,49,27,legacy,B,22,5,3,101.754958,6,94208,925832.036607,92234,94207,8073,1973,21191,-12740,
equal-time,49,28,optimized,W,2,1,3,18.803416,7,57820,3074973.185723,39246,8041,5912,2384,3743,99999990,
equal-time,49,29,legacy,B,0,1,1,0.005958,0,0,0.000000,0,0,0,0,0,99999999,
equal-time,49,30,optimized,W,7,2,3,1.030708,5,3394,3292882.174195,1166,1698,1645,998,603,99999992,
equal-time,49,31,legacy,B,2,1,3,0.006625,0,0,0.000000,0,0,0,0,0,99999999,
equal-time,49,32,optimized,W,17,4,3,0.040833,3,152,3722479.367179,53,105,105,90,19,99999994,
equal-time,49,33,legacy,B,17,4,3,0.009458,0,0,0.000000,0,0,0,0,0,99999999,
equal-time,49,34,optimized,W,7,2,3,0.008584,1,27,3145386.766076,23,1,1,0,0,99999996,
equal-time,49,35,legacy,B,2,1,3,0.005250,0,0,0.000000,0,0,0,0,0,99999999,
equal-time,49,36,optimized,W,2,1,3,0.008209,1,22,2679985.381898,0,1,0,0,0,99999998,optimized-win
equal-time,50,5,optimized,B,13,3,4,100.229084,7,310272,3095628.410612,167092,66716,27212,13549,43097,1170,
equal-time,50,6,legacy,W,3,1,4,100.198916,5,100352,1001527.800959,99942,100351,5811,409,16389,-310,
equal-time,50,7,optimized,B,1,1,2,13.322667,7,42451,3186374.019556,10699,15373,6801,4790,9138,99999990,
equal-time,50,8,legacy,W,8,2,4,100.601042,5,100352,997524.459041,99678,100351,5468,673,13662,370,
equal-time,50,9,optimized,B,11,3,2,4.746833,5,15783,3324953.711243,10896,1440,958,390,560,99999992,
equal-time,50,10,legacy,W,12,3,3,101.840792,5,104448,1025600.822115,103846,104447,5963,601,11097,10180,
equal-time,50,11,optimized,B,19,4,5,0.015042,1,34,2260337.721048,23,1,1,0,0,99999994,
equal-time,50,12,legacy,W,7,2,3,0.005334,0,0,0.000000,0,0,0,0,0,-99999999,
equal-time,50,13,optimized,B,17,4,3,0.007833,1,25,3191625.175539,0,1,1,0,0,99999996,
equal-time,50,14,legacy,W,16,4,2,0.007208,0,0,0.000000,0,0,0,0,0,-99999999,
equal-time,50,15,optimized,B,23,5,4,0.004417,1,24,5433552.184741,0,1,0,0,0,99999998,optimized-win
equal-time,51,5,legacy,B,17,4,3,101.628000,6,108544,1068052.111623,102999,108543,11833,5544,21379,30,
equal-time,51,6,optimized,W,16,4,2,100.046125,7,291840,2917054.508608,128010,77330,29337,15765,52268,-360,
equal-time,51,7,legacy,B,8,2,4,100.569666,5,104448,1038563.655964,100222,104447,10648,4225,20012,5410,
equal-time,51,8,optimized,W,13,3,4,100.438875,8,310272,3089162.438349,94819,102011,44451,26199,65464,-1070,
equal-time,51,9,legacy,B,11,3,2,101.151750,6,102400,1012340.369791,98845,102399,8097,3554,17339,160,
equal-time,51,10,optimized,W,23,5,4,100.425458,8,259072,2579744.271617,109539,99541,39558,26610,64920,-1110,
equal-time,51,11,legacy,B,7,2,3,101.102042,6,102400,1012838.098760,98047,102399,10051,4352,16684,160,
equal-time,51,12,optimized,W,6,2,2,100.258459,8,263168,2624895.720769,105220,95377,36759,23792,63332,-5070,
equal-time,51,13,legacy,B,22,5,3,100.757500,6,104448,1036627.546337,97939,104447,11618,6508,17055,400,
equal-time,51,14,optimized,W,12,3,3,100.299125,8,261120,2603412.542233,108186,107773,51327,36422,63337,-5780,
equal-time,51,15,legacy,B,3,1,4,100.149000,6,102400,1022476.510000,95264,102399,11597,7135,14557,270,
equal-time,51,16,optimized,W,15,4,1,100.185167,7,276480,2759689.964883,181065,61665,33513,22541,29623,-790,
equal-time,51,17,legacy,B,12,3,3,101.743584,6,100352,986322.636325,92561,100351,13622,7790,19487,590,
equal-time,51,18,optimized,W,7,2,3,100.169000,7,271360,2709021.753237,136721,87328,42440,27630,50817,-4780,
equal-time,51,19,legacy,B,6,2,2,100.941750,6,102400,1014446.450552,96397,102399,10088,6002,18150,4700,
equal-time,51,20,optimized,W,18,4,4,100.409625,7,283648,2824908.468685,156654,82124,45145,32355,40202,-640,
equal-time,51,21,legacy,B,7,2,3,100.263625,5,96256,960029.123224,91969,96255,7539,4286,18437,10890,
equal-time,51,22,optimized,W,12,3,3,100.239584,7,290816,2901209.167029,132848,76782,38155,26306,40545,-820,
equal-time,51,23,legacy,B,8,2,4,100.612208,5,96256,956702.987773,91864,96255,7851,4391,18469,14370,
equal-time,51,24,optimized,W,16,4,2,100.473292,7,281600,2802734.880032,119426,90642,45338,29918,51717,810,
equal-time,51,25,legacy,B,9,2,5,101.860125,6,100352,985194.157184,94283,100351,11998,6068,18484,-2330,
equal-time,51,26,optimized,W,15,4,1,5.015750,5,14593,2909435.278872,8004,3170,1389,815,1872,99999990,
equal-time,51,27,legacy,B,17,4,3,0.009000,0,0,0.000000,0,0,0,0,0,99999999,
equal-time,51,28,optimized,W,17,4,3,0.090375,3,284,3142461.964039,97,125,125,72,54,99999992,
equal-time,51,29,legacy,B,17,4,3,0.009166,0,0,0.000000,0,0,0,0,0,99999999,
equal-time,51,30,optimized,W,15,4,1,0.010875,1,31,2850574.712644,22,1,1,0,0,99999994,
equal-time,51,31,legacy,B,15,4,1,0.008250,0,0,0.000000,0,0,0,0,0,99999999,
equal-time,51,32,optimized,W,16,4,2,0.007459,1,25,3351655.717925,0,1,0,0,0,99999996,
equal-time,51,33,legacy,B,16,4,2,0.008625,0,0,0.000000,0,0,0,0,0,99999999,
equal-time,51,34,optimized,W,18,4,4,0.014292,1,44,3078645.396026,0,1,0,0,0,99999998,optimized-win
equal-time,52,5,optimized,B,12,3,3,100.285917,6,307200,3063241.671311,159136,67831,25641,15323,42540,570,
equal-time,52,6,legacy,W,15,4,1,100.901000,5,98304,974261.900278,97797,98303,4099,506,13599,380,
equal-time,52,7,optimized,B,18,4,4,64.225791,7,188723,2938430.139381,118992,32369,16717,6584,19750,99999990,
equal-time,52,8,legacy,W,5,2,1,100.225459,5,102400,1021696.493303,101643,102399,5711,756,16092,530,
equal-time,52,9,optimized,B,10,3,1,0.000041,1,0,0.000000,0,1,1,1,0,99999994,
equal-time,52,10,legacy,W,6,2,2,2.258541,4,2350,1040494.726463,2256,2350,765,94,526,99999999,
equal-time,52,11,optimized,B,13,3,4,0.014958,1,33,2206177.296430,24,1,1,0,0,99999996,
equal-time,52,12,legacy,W,8,2,4,0.006000,0,0,0.000000,0,0,0,0,0,-99999999,
equal-time,52,13,optimized,B,11,3,2,0.005875,1,24,4085106.382979,0,1,1,0,0,99999998,optimized-win
equal-time,53,5,legacy,B,18,4,4,101.387125,5,100352,989790.370326,97927,100351,8650,2424,19339,5480,
equal-time,53,6,optimized,W,15,4,1,100.117542,7,297984,2976341.548617,136691,79829,41061,23123,47070,-960,
equal-time,53,7,legacy,B,5,2,1,100.529458,6,102400,1018606.904257,97600,102399,9456,4799,19417,580,
equal-time,53,8,optimized,W,2,1,3,14.991834,6,46019,3069604.425983,13556,17914,8556,6518,9904,-99999991,
equal-time,53,9,legacy,B,6,2,2,100.652583,6,100352,997013.658358,96139,100351,9057,4212,19795,5400,
equal-time,53,10,optimized,W,2,1,3,0.089500,4,555,6201117.318436,101,419,417,398,9,-99999993,
equal-time,53,11,legacy,B,2,1,3,0.004792,0,0,0.000000,0,0,0,0,0,99999999,
equal-time,53,12,optimized,W,3,1,4,0.011333,2,51,4500132.356834,25,27,27,24,1,-99999995,
equal-time,53,13,legacy,B,8,2,4,1.127750,3,1207,1070272.666814,1159,1207,53,48,92,99999999,
equal-time,53,14,optimized,W,7,2,3,0.005375,1,25,4651162.790698,0,1,0,0,0,-99999997,
equal-time,53,15,legacy,B,13,3,4,0.002458,0,0,0.000000,0,0,0,0,0,99999999,legacy-win
equal-time,54,5,optimized,B,3,1,4,100.466875,7,302080,3006762.179076,127406,82647,34133,16876,56035,50,
equal-time,54,6,legacy,W,1,1,2,101.913042,5,102400,1004778.171571,101968,102399,3709,431,15752,-4840,
equal-time,54,7,optimized,B,19,4,5,100.137375,8,271360,2709877.306051,87012,119396,55757,36164,74696,-1270,
equal-time,54,8,legacy,W,9,2,5,101.125000,5,98304,972103.831891,97503,98303,5672,800,17074,-5190,
equal-time,54,9,optimized,B,6,2,2,100.034833,7,285696,2855965.181648,162040,71325,33187,18598,43668,-300,
equal-time,54,10,legacy,W,16,4,2,100.893583,5,98304,974333.521290,97074,98303,5599,1229,16200,-5360,
equal-time,54,11,optimized,B,8,2,4,100.312833,7,260096,2592848.713584,92645,115007,59166,44698,62367,-220,
equal-time,54,12,legacy,W,13,3,4,102.059500,5,94208,923069.385995,93179,94207,5445,1028,15274,-5240,
equal-time,54,13,optimized,B,17,4,3,100.126292,7,260096,2597679.338809,100846,112986,56428,38559,66393,-210,
equal-time,54,14,legacy,W,12,3,3,100.217916,5,94208,940031.520911,93395,94207,4974,812,15819,-1540,
equal-time,54,15,optimized,B,2,1,3,100.100041,7,284672,2843874.959052,102960,101928,46457,30220,62017,-4880,
equal-time,54,16,legacy,W,8,2,4,100.969833,5,94208,933031.155949,93658,94207,3501,549,12429,-6270,
equal-time,54,17,optimized,B,2,1,3,100.077042,7,273408,2731975.231642,108225,120953,58345,42424,70034,-740,
equal-time,54,18,legacy,W,2,1,3,0.007000,0,0,0.000000,0,0,0,0,0,-99999999,
equal-time,54,19,optimized,B,3,1,4,100.388083,7,287744,2866316.313660,143118,85999,45954,26266,50327,-800,
equal-time,54,20,legacy,W,11,3,2,101.468667,5,94208,928444.245749,93774,94207,3189,433,13055,-6250,
equal-time,54,21,optimized,B,10,3,1,100.077000,8,276480,2762672.741989,136369,102253,47983,33566,60178,-15590,
equal-time,54,22,legacy,W,16,4,2,101.019167,5,94208,932575.498272,93859,94207,3099,348,12519,-6170,
equal-time,54,23,optimized,B,3,1,4,100.091750,7,277504,2772496.234705,85036,121568,62719,41681,71126,-930,
equal-time,54,24,legacy,W,3,1,4,0.007542,0,0,0.000000,0,0,0,0,0,-99999999,
equal-time,54,25,optimized,B,1,1,2,100.144917,7,317440,3169806.411642,137878,74900,36082,23264,40993,-790,
equal-time,54,26,legacy,W,12,3,3,101.958875,6,96256,944066.909330,94975,96255,6736,1280,18138,-790,
equal-time,54,27,optimized,B,12,3,3,2.952584,6,10564,3577882.966242,5853,2531,2246,1702,497,-99999991,
equal-time,54,28,legacy,W,16,4,2,101.499958,5,98304,968512.716035,97760,98303,5380,543,15762,-11120,
equal-time,54,29,optimized,B,16,4,2,0.103417,4,627,6062832.996509,98,492,486,462,17,-99999993,
equal-time,54,30,legacy,W,20,5,1,4.669334,5,4726,1012135.777822,4396,4726,1452,330,1213,-99999999,
equal-time,54,31,optimized,B,20,5,1,0.012375,2,51,4121212.121212,1,27,27,24,1,-99999995,
equal-time,54,32,legacy,W,8,2,4,0.181792,3,202,1111160.007041,154,202,126,48,24,-99999999,
equal-time,54,33,optimized,B,8,2,4,0.005625,1,25,4444444.444444,0,1,0,0,0,-99999997,
equal-time,54,34,legacy,W,20,5,1,0.004208,0,0,0.000000,0,0,0,0,0,-99999999,legacy-win
equal-time,55,5,legacy,B,9,2,5,101.479583,6,104448,1029251.371677,99694,104447,11612,4753,20461,-4990,
equal-time,55,6,optimized,W,17,4,3,91.283750,9,262036,2870565.681186,133587,66238,35311,16158,41541,99999988,
equal-time,55,7,legacy,B,22,5,3,0.008792,0,0,0.000000,0,0,0,0,0,99999999,
equal-time,55,8,optimized,W,19,4,5,0.000084,1,0,0.000000,0,1,1,1,0,99999990,
equal-time,55,9,legacy,B,16,4,2,101.019333,6,102400,1013667.354149,97595,102399,8140,4804,17897,-5360,
equal-time,55,10,optimized,W,5,2,1,0.000291,1,0,0.000000,0,1,1,1,0,99999992,
equal-time,55,11,legacy,B,1,1,2,100.474792,6,106496,1059927.548793,99462,106495,12913,7033,18599,-9820,
equal-time,55,12,optimized,W,6,2,2,0.240875,3,804,3337830.825117,335,121,83,53,52,99999994,
equal-time,55,13,legacy,B,8,2,4,0.006666,0,0,0.000000,0,0,0,0,0,99999999,
equal-time,55,14,optimized,W,18,4,4,0.011000,1,29,2636363.636364,24,1,1,0,0,99999996,
equal-time,55,15,legacy,B,0,1,1,0.004750,0,0,0.000000,0,0,0,0,0,99999999,
equal-time,55,16,optimized,W,24,5,5,0.005417,1,25,4615100.609193,1,1,0,0,0,99999998,optimized-win
equal-time,56,5,optimized,B,23,5,4,100.117583,7,333824,3334319.407211,122052,80181,34946,17182,51914,300,
equal-time,56,6,legacy,W,22,5,3,100.663375,5,98304,976561.733600,97912,98303,4050,391,15987,-420,
equal-time,56,7,optimized,B,17,4,3,100.299417,7,307200,3062829.368191,110457,87248,38809,20125,56906,260,
equal-time,56,8,legacy,W,11,3,2,100.419416,5,98304,978934.193364,97663,98303,2960,640,9545,-420,
equal-time,56,9,optimized,B,13,3,4,100.127667,8,292864,2924905.860435,97010,101637,47579,24911,67336,-490,
equal-time,56,10,legacy,W,9,2,5,0.006625,0,0,0.000000,0,0,0,0,0,-99999999,
equal-time,56,11,optimized,B,6,2,2,100.052416,8,243712,2435843.228413,89376,108264,42154,25609,75355,-290,
equal-time,56,12,legacy,W,15,4,1,101.629000,5,88064,866524.318846,87886,88063,3996,177,15539,-490,
equal-time,56,13,optimized,B,3,1,4,100.460375,8,257024,2558461.482948,93088,98004,42034,29606,60283,-180,
equal-time,56,14,legacy,W,18,4,4,100.038708,5,90112,900771.329434,89666,90111,3369,445,9713,-370,
equal-time,56,15,optimized,B,13,3,4,100.123500,7,269312,2689798.099347,166405,63923,30792,18588,36355,4890,
equal-time,56,16,legacy,W,13,3,4,100.528584,5,81920,814892.608057,81542,81919,2656,377,8896,-230,
equal-time,56,17,optimized,B,21,5,2,100.167833,6,285696,2852173.112300,162473,55166,31142,17151,28286,-420,
equal-time,56,18,legacy,W,8,2,4,100.326125,5,90112,898190.775334,88963,90111,4016,1148,11745,-4450,
equal-time,56,19,optimized,B,4,1,5,100.195042,8,246784,2463036.045237,74739,114295,55372,38444,68078,-1030,
equal-time,56,20,legacy,W,20,5,1,100.298291,5,92160,918859.125925,92003,92159,4486,156,16824,-5330,
equal-time,56,21,optimized,B,12,3,3,100.083292,8,273408,2731804.625292,129431,78338,36082,24379,45462,-680,
equal-time,56,22,legacy,W,12,3,3,101.267709,5,96256,950510.295439,95858,96255,3943,397,12579,-1070,
equal-time,56,23,optimized,B,22,5,3,100.270125,7,294912,2941175.150624,141533,65962,32864,20081,36736,4460,
equal-time,56,24,legacy,W,8,2,4,101.994209,5,98304,963819.426258,97668,98303,5033,635,11984,-1360,
equal-time,56,25,optimized,B,21,5,2,100.096042,8,247808,2475702.286010,108424,94815,38369,24289,63644,4530,
equal-time,56,26,legacy,W,21,5,2,0.011833,0,0,0.000000,0,0,0,0,0,-99999999,
equal-time,56,27,optimized,B,17,4,3,100.176042,7,256000,2555501.244499,111039,87328,33421,21890,57917,4530,
equal-time,56,28,legacy,W,9,2,5,0.008833,0,0,0.000000,0,0,0,0,0,-99999999,
equal-time,56,29,optimized,B,20,5,1,100.075417,10,252928,2527373.930403,58981,132734,77326,45633,78650,-6310,
equal-time,56,30,legacy,W,23,5,4,0.011708,0,0,0.000000,0,0,0,0,0,-99999999,
equal-time,56,31,optimized,B,20,5,1,100.217625,9,275456,2748578.406243,81498,77977,41764,16556,52179,-5430,
equal-time,56,32,legacy,W,20,5,1,0.012666,0,0,0.000000,0,0,0,0,0,-99999999,
equal-time,56,33,optimized,B,22,5,3,100.188292,8,316416,3158213.336944,55147,101100,53041,33234,57273,-6680,
equal-time,56,34,legacy,W,23,5,4,0.013667,0,0,0.000000,0,0,0,0,0,-99999999,
equal-time,56,35,optimized,B,22,5,3,100.089334,9,232448,2322405.302447,24489,156668,89740,45204,103364,-11480,
equal-time,56,36,legacy,W,22,5,3,0.012333,0,0,0.000000,0,0,0,0,0,-99999999,
equal-time,56,37,optimized,B,1,1,2,78.431625,10,225374,2873509.250892,103070,52721,35943,16223,28910,-99999987,
equal-time,56,38,legacy,W,2,1,3,0.006791,0,0,0.000000,0,0,0,0,0,-99999999,
equal-time,56,39,optimized,B,4,1,5,9.677750,8,39494,4080907.235669,9264,26040,25674,20193,4477,-99999989,
equal-time,56,40,legacy,W,8,2,4,101.677459,7,98304,966821.958051,96136,98303,10592,2167,21067,-40250,
equal-time,56,41,optimized,B,8,2,4,0.876792,6,3813,4348807.927080,744,2904,2895,2275,507,-99999991,
equal-time,56,42,legacy,W,7,2,3,80.686500,8,76850,952451.773221,75610,76850,12811,1240,18039,-99999999,
equal-time,56,43,optimized,B,6,2,2,0.097375,4,478,4908857.509628,50,408,408,388,11,-99999993,
equal-time,56,44,legacy,W,7,2,3,2.569208,5,2392,931026.215083,2216,2392,1658,176,708,-99999999,
equal-time,56,45,optimized,B,7,2,3,0.009042,2,49,5419155.054192,1,26,26,23,1,-99999995,
equal-time,56,46,legacy,W,6,2,2,0.146334,3,194,1325734.279115,142,194,150,52,23,-99999999,
equal-time,56,47,optimized,B,6,2,2,0.004667,1,24,5142489.822156,0,1,0,0,0,-99999997,
equal-time,56,48,legacy,W,9,2,5,0.001709,0,0,0.000000,0,0,0,0,0,-99999999,legacy-win
equal-time,57,5,legacy,B,23,5,4,100.547167,5,98304,977690.400765,95142,98303,8387,3161,18092,4850,
equal-time,57,6,optimized,W,20,5,1,100.254334,7,311296,3105062.769655,122035,75625,33769,15123,50108,200,
equal-time,57,7,legacy,B,12,3,3,102.026542,6,102400,1003660.400448,97970,102399,8535,4429,17026,-420,
equal-time,57,8,optimized,W,11,3,2,100.452917,7,284672,2833884.853737,112261,89264,42953,24503,55598,840,
equal-time,57,9,legacy,B,1,1,2,101.597500,6,102400,1007898.816408,97535,102399,10810,4864,18953,-840,
equal-time,57,10,optimized,W,6,2,2,100.050750,7,307200,3070441.750811,128699,71996,30986,16482,45591,830,
equal-time,57,11,legacy,B,8,2,4,101.586875,6,102400,1008004.232830,96837,102399,9327,5562,16866,-830,
equal-time,57,12,optimized,W,18,4,4,100.320875,7,295936,2949894.525940,88314,129860,65851,48858,71089,810,
equal-time,57,13,legacy,B,15,4,1,102.141083,6,104448,1022585.593693,97174,104447,12272,7273,17966,-1000,
equal-time,57,14,optimized,W,12,3,3,100.163708,7,258048,2576262.452265,122336,103482,43581,29459,66365,1190,
equal-time,57,15,legacy,B,0,1,1,101.040417,6,100352,993186.716559,95706,100351,12545,4645,22183,-1190,
equal-time,57,16,optimized,W,5,2,1,100.245708,8,281600,2809097.821924,137092,84017,38942,23421,51951,-3890,
equal-time,57,17,legacy,B,11,3,2,100.662417,5,96256,956225.797757,95403,96255,5450,852,11901,3950,
equal-time,57,18,optimized,W,6,2,2,100.054167,7,275456,2753068.745253,126082,94653,44748,26897,59105,5240,
equal-time,57,19,legacy,B,22,5,3,100.740833,6,100352,996140.264197,96132,100351,10028,4219,22557,-5970,
equal-time,57,20,optimized,W,24,5,5,100.175084,10,253952,2535081.477945,104761,99957,47245,25121,66736,9980,
equal-time,57,21,legacy,B,18,4,4,100.426542,6,96256,958471.715575,91638,96255,8694,4617,17126,-10230,
equal-time,57,22,optimized,W,7,2,3,100.000750,8,267264,2672619.955350,109444,108114,47455,34568,66094,11730,
equal-time,57,23,legacy,B,3,1,4,101.748000,6,98304,966151.668829,93912,98303,9678,4391,18864,-11740,
equal-time,57,24,optimized,W,2,1,3,100.129917,8,285696,2853253.139119,174040,42985,19725,11753,22367,16880,
equal-time,57,25,legacy,B,12,3,3,101.915292,6,96256,944470.629589,90726,96255,9521,5529,18418,-15420,
equal-time,57,26,optimized,W,17,4,3,0.230500,3,591,2563991.323210,311,147,116,76,60,99999994,
equal-time,57,27,legacy,B,19,4,5,0.010625,0,0,0.000000,0,0,0,0,0,99999999,
equal-time,57,28,optimized,W,17,4,3,0.012167,1,32,2630064.929728,23,1,1,0,0,99999996,
equal-time,57,29,legacy,B,2,1,3,0.006042,0,0,0.000000,0,0,0,0,0,99999999,
equal-time,57,30,optimized,W,22,5,3,0.016834,1,43,2554354.282999,19,1,0,0,0,99999998,optimized-win
equal-time,58,5,optimized,B,1,1,2,100.240333,7,303104,3023772.875934,109724,93426,39775,23585,60180,1040,
equal-time,58,6,legacy,W,13,3,4,102.034709,5,100352,983508.464752,99890,100351,4587,461,15444,-160,
equal-time,58,7,optimized,B,16,4,2,68.442291,7,214897,3139827.683442,148410,25482,16330,5555,12698,99999990,
equal-time,58,8,legacy,W,18,4,4,101.962750,5,104448,1024374.097403,103709,104447,5346,738,12609,-4910,
equal-time,58,9,optimized,B,8,2,4,0.050292,3,141,2803626.819375,26,99,96,64,39,99999994,
equal-time,58,10,legacy,W,12,3,3,3.923166,4,4013,1022898.342818,3881,4013,666,132,494,99999999,
equal-time,58,11,optimized,B,6,2,2,0.010667,1,27,2531170.900909,22,1,1,0,0,99999996,
equal-time,58,12,legacy,W,7,2,3,0.005542,0,0,0.000000,0,0,0,0,0,-99999999,
equal-time,58,13,optimized,B,11,3,2,0.015250,1,48,3147540.983607,0,1,1,0,0,99999998,optimized-win
equal-time,59,5,legacy,B,4,1,5,101.134208,6,104448,1032766.282206,101695,104447,5823,2752,15907,-130,
equal-time,59,6,optimized,W,1,1,2,100.005375,7,296960,2969440.392579,134885,76232,25862,14728,52096,-60,
equal-time,59,7,legacy,B,0,1,1,0.004625,0,0,0.000000,0,0,0,0,0,99999999,
equal-time,59,8,optimized,W,12,3,3,100.138666,7,279552,2791648.932092,102580,92628,40765,22408,61372,-300,
equal-time,59,9,legacy,B,11,3,2,101.314542,6,104448,1030928.018211,98280,104447,9913,6167,20465,100,
equal-time,59,10,optimized,W,21,5,2,100.087958,7,268288,2680522.266225,121554,92522,34956,24417,59710,-300,
equal-time,59,11,legacy,B,15,4,1,100.498083,5,98304,978167.911919,96088,98303,5477,2215,16085,9880,
equal-time,59,12,optimized,W,23,5,4,100.163000,8,279552,2790970.717730,127408,69395,28390,14460,46151,-740,
equal-time,59,13,legacy,B,18,4,4,100.655125,6,102400,1017335.182883,97604,102399,8195,4795,18072,-220,
equal-time,59,14,optimized,W,16,4,2,100.159500,8,260096,2596818.075170,122742,89702,38889,23242,58575,-710,
equal-time,59,15,legacy,B,20,5,1,100.007792,4,98304,982963.407491,97364,98303,2519,939,9517,-220,
equal-time,59,16,optimized,W,17,4,3,100.075000,7,266240,2660404.696478,136077,89708,40400,26358,55221,710,
equal-time,59,17,legacy,B,16,4,2,100.235250,5,98304,980732.826027,97628,98303,3907,675,10164,5320,
equal-time,59,18,optimized,W,17,4,3,100.239334,7,278528,2778629.794168,142703,89925,40719,28046,52995,950,
equal-time,59,19,legacy,B,19,4,5,101.570333,5,98304,967841.662978,96349,98303,7330,1954,16228,5190,
equal-time,59,20,optimized,W,14,3,5,100.254792,8,252928,2522851.974996,101002,103120,45993,30228,65050,-810,
equal-time,59,21,legacy,B,20,5,1,100.047625,5,96256,962101.799018,95050,96255,6021,1205,10839,4590,
equal-time,59,22,optimized,W,11,3,2,100.050916,8,269312,2691749.468840,110638,113253,58197,41797,62929,-2790,
equal-time,59,23,legacy,B,20,5,1,100.571416,5,100352,997818.306545,95052,100351,9736,5299,16782,5110,
equal-time,59,24,optimized,W,20,5,1,100.224709,9,289792,2891422.712936,86732,137422,81352,60717,67080,6630,
equal-time,59,25,legacy,B,12,3,3,101.616667,5,104448,1027862.880014,95002,104447,14184,9445,19913,4880,
equal-time,59,26,optimized,W,22,5,3,100.160625,7,277504,2770589.740230,144173,92262,42160,29266,54583,7840,
equal-time,59,27,legacy,B,24,5,5,0.012375,0,0,0.000000,0,0,0,0,0,99999999,
equal-time,59,28,optimized,W,12,3,3,100.079417,7,289792,2895620.385159,144777,85655,43121,26318,49828,7560,
equal-time,59,29,legacy,B,8,2,4,101.896875,5,98304,964740.086484,93936,98303,8575,4367,15487,2530,
equal-time,59,30,optimized,W,8,2,4,100.174750,8,256000,2555534.203979,62644,130613,63566,43399,78921,11830,
equal-time,59,31,legacy,B,6,2,2,101.050000,5,96256,952558.139535,92125,96255,8883,4130,14514,-6270,
equal-time,59,32,optimized,W,7,2,3,100.120834,8,266240,2659186.798224,75541,119578,61450,41279,69496,16770,
equal-time,59,33,legacy,B,5,2,1,100.137792,5,92160,920331.856329,89427,92159,6919,2732,13549,-11070,
equal-time,59,34,optimized,W,10,3,1,6.701500,7,19251,2872640.453630,11889,3199,1689,940,1692,99999990,
equal-time,59,35,legacy,B,17,4,3,101.615834,5,90112,886790.930634,87829,90111,5947,2282,14078,-16580,
equal-time,59,36,optimized,W,22,5,3,0.000417,1,0,0.000000,0,1,1,1,0,99999992,
equal-time,59,37,legacy,B,11,3,2,100.273292,6,88064,878239.840774,83835,88063,8552,4228,16245,-26310,
equal-time,59,38,optimized,W,22,5,3,0.347416,3,901,2593432.657103,651,124,85,52,51,99999994,
equal-time,59,39,legacy,B,22,5,3,0.011000,0,0,0.000000,0,0,0,0,0,99999999,
equal-time,59,40,optimized,W,7,2,3,0.010708,1,29,2708255.509899,24,1,1,0,0,99999996,
equal-time,59,41,legacy,B,7,2,3,0.007333,0,0,0.000000,0,0,0,0,0,99999999,
equal-time,59,42,optimized,W,7,2,3,0.026417,1,73,2763372.071015,16,1,0,0,0,99999998,optimized-win
equal-time,60,5,optimized,B,12,3,3,56.500875,7,175869,3112677.458535,105473,34781,18744,8535,20641,99999990,
equal-time,60,6,legacy,W,10,3,1,101.901833,5,102400,1004888.695182,102027,102399,8677,372,20296,-270,
equal-time,60,7,optimized,B,10,3,1,0.162083,5,593,3658619.349346,239,305,302,232,62,99999992,
equal-time,60,8,legacy,W,0,1,1,101.448208,5,102400,1009382.048424,101735,102399,7930,664,16835,4700,
equal-time,60,9,optimized,B,16,4,2,0.292500,3,922,3152136.752137,563,183,148,115,47,99999994,
equal-time,60,10,legacy,W,11,3,2,0.006000,0,0,0.000000,0,0,0,0,0,-99999999,
equal-time,60,11,optimized,B,8,2,4,0.010667,1,29,2718665.041717,24,1,1,0,0,99999996,
equal-time,60,12,legacy,W,4,1,5,0.004709,0,0,0.000000,0,0,0,0,0,-99999999,
equal-time,60,13,optimized,B,20,5,1,0.015375,1,43,2796747.967480,19,1,0,0,0,99999998,optimized-win
equal-time,61,5,legacy,B,18,4,4,102.095500,6,106496,1043101.801744,100900,106495,11582,5595,21446,80,
equal-time,61,6,optimized,W,12,3,3,19.628958,8,56533,2880081.561130,20609,23427,15298,6871,14581,-99999989,
equal-time,61,7,legacy,B,13,3,4,100.793042,6,104448,1036262.007054,99934,104447,8782,4513,18125,420,
equal-time,61,8,optimized,W,10,3,1,0.133416,6,879,6588415.182587,137,717,715,667,28,-99999991,
equal-time,61,9,legacy,B,10,3,1,0.006250,0,0,0.000000,0,0,0,0,0,99999999,
equal-time,61,10,optimized,W,8,2,4,0.064500,4,519,8046511.627907,78,423,423,402,11,-99999993,
equal-time,61,11,legacy,B,16,4,2,16.664792,5,17275,1036616.598635,16848,17275,708,427,1475,99999999,
equal-time,61,12,optimized,W,11,3,2,0.010083,2,51,5058018.446891,1,27,27,24,1,-99999995,
equal-time,61,13,legacy,B,17,4,3,0.211041,3,252,1194080.771035,211,252,151,41,72,99999999,
equal-time,61,14,optimized,W,9,2,5,0.005416,1,25,4615952.732644,0,1,0,0,0,-99999997,
equal-time,61,15,legacy,B,15,4,1,0.002708,0,0,0.000000,0,0,0,0,0,99999999,legacy-win
equal-time,62,5,optimized,B,7,2,3,0.007375,1,18,2440677.966102,14,1,0,0,0,99999996,
equal-time,62,6,legacy,W,2,1,3,0.003875,0,0,0.000000,0,0,0,0,0,-99999999,
equal-time,62,7,optimized,B,22,5,3,0.009916,1,29,2924566.357402,1,1,0,0,0,99999998,optimized-win
equal-time,63,5,legacy,B,7,2,3,1.010792,3,1070,1058575.849433,1070,1070,2,0,99,99999999,
equal-time,63,6,optimized,W,2,1,3,0.003541,1,15,4236091.499576,0,1,0,0,0,-99999997,
equal-time,63,7,legacy,B,22,5,3,0.003958,0,0,0.000000,0,0,0,0,0,99999999,legacy-win
equal-time,64,5,optimized,B,17,4,3,81.443625,7,254499,3124848.629957,142839,53536,24254,11934,33069,99999990,
equal-time,64,6,legacy,W,12,3,3,100.500250,5,100352,998524.879291,99444,100351,3967,907,12465,-4750,
equal-time,64,7,optimized,B,16,4,2,0.312000,5,1076,3448717.948718,537,349,322,248,91,99999992,
equal-time,64,8,legacy,W,18,4,4,0.006708,0,0,0.000000,0,0,0,0,0,-99999999,
equal-time,64,9,optimized,B,11,3,2,0.092084,3,301,3268754.615351,149,119,117,69,50,99999994,
equal-time,64,10,legacy,W,5,2,1,0.004875,0,0,0.000000,0,0,0,0,0,-99999999,
equal-time,64,11,optimized,B,6,2,2,0.010958,1,31,2828983.391130,21,1,1,0,0,99999996,
equal-time,64,12,legacy,W,1,1,2,0.004958,0,0,0.000000,0,0,0,0,0,-99999999,
equal-time,64,13,optimized,B,21,5,2,0.016500,1,46,2787878.787879,22,1,0,0,0,99999998,optimized-win
equal-time,65,5,legacy,B,5,2,1,101.001292,6,102400,1013848.416909,96903,102399,10699,5496,19870,-150,
equal-time,65,6,optimized,W,0,1,1,100.326708,8,294912,2939516.364875,110279,95950,39426,25434,60660,-1050,
equal-time,65,7,legacy,B,17,4,3,100.695375,6,102400,1016928.533212,97594,102399,10814,4805,18882,170,
equal-time,65,8,optimized,W,11,3,2,100.108208,9,270336,2700437.910146,117575,97695,46677,25597,63648,-230,
equal-time,65,9,legacy,B,12,3,3,100.662084,6,102400,1017264.852176,98274,102399,8032,4125,17161,170,
equal-time,65,10,optimized,W,7,2,3,100.274417,8,257024,2563206.126643,102120,103555,39464,25330,70641,-1120,
equal-time,65,11,legacy,B,18,4,4,100.465708,6,98304,978483.125804,93882,98303,10968,4421,20734,170,
equal-time,65,12,optimized,W,16,4,2,100.391334,8,259072,2580621.152021,94773,111052,49441,34190,69371,-5650,
equal-time,65,13,legacy,B,6,2,2,100.036250,6,100352,1003156.355821,95836,100351,7275,4515,17049,180,
equal-time,65,14,optimized,W,24,5,5,100.452542,8,285696,2844089.301394,173063,60123,28296,16947,33611,-6080,
equal-time,65,15,legacy,B,21,5,2,100.843042,6,100352,995130.630827,93290,100351,14656,7061,21830,370,
equal-time,65,16,optimized,W,20,5,1,100.001000,7,276480,2764772.352276,120509,100905,51076,37017,54979,-350,
equal-time,65,17,legacy,B,17,4,3,100.089875,5,96256,961695.676011,91996,96255,10592,4259,16710,6130,
equal-time,65,18,optimized,W,2,1,3,100.312791,7,256000,2552017.518883,101380,120843,54269,42369,70772,-1380,
equal-time,65,19,legacy,B,17,4,3,100.410875,5,94208,938225.067753,89849,94207,8755,4358,19079,6870,
equal-time,65,20,optimized,W,17,4,3,100.061958,8,272384,2722153.408191,110389,97143,48290,33207,55370,-6450,
equal-time,65,21,legacy,B,16,4,2,100.618542,5,77824,773455.850712,75683,77823,6958,2140,12546,11260,
equal-time,65,22,optimized,W,1,1,2,100.133042,7,239616,2392976.336422,101071,93854,43470,29693,56834,-800,
equal-time,65,23,legacy,B,3,1,4,0.007625,0,0,0.000000,0,0,0,0,0,99999999,
equal-time,65,24,optimized,W,19,4,5,100.089417,8,268288,2680483.192344,125567,68059,37865,22822,36432,-11490,
equal-time,65,25,legacy,B,13,3,4,0.011334,0,0,0.000000,0,0,0,0,0,99999999,
equal-time,65,26,optimized,W,9,2,5,24.952000,8,64085,2568331.195896,22760,25956,14680,11131,12853,-99999989,
equal-time,65,27,legacy,B,14,3,5,0.010875,0,0,0.000000,0,0,0,0,0,99999999,
equal-time,65,28,optimized,W,19,4,5,0.000042,1,0,0.000000,0,1,1,1,0,-99999991,
equal-time,65,29,legacy,B,18,4,4,101.999583,5,86016,843297.565246,85620,86015,3393,395,8885,16470,
equal-time,65,30,optimized,W,15,4,1,0.069875,3,386,5524150.268336,33,340,340,331,3,-99999993,
equal-time,65,31,legacy,B,18,4,4,55.263000,5,46604,843312.885656,46322,46604,1730,282,6682,99999999,
equal-time,65,32,optimized,W,18,4,4,0.037125,2,79,2127946.127946,25,27,27,24,0,-99999995,
equal-time,65,33,legacy,B,16,4,2,0.743625,3,585,786686.838124,551,585,173,34,115,99999999,
equal-time,65,34,optimized,W,15,4,1,0.009167,1,25,2727173.557325,0,1,0,0,0,-99999997,
equal-time,65,35,legacy,B,15,4,1,0.003167,0,0,0.000000,0,0,0,0,0,99999999,legacy-win
equal-time,66,5,optimized,B,12,3,3,100.304250,7,285696,2848294.065306,133146,76473,31647,20052,47252,910,
equal-time,66,6,legacy,W,5,2,1,102.083833,5,96256,942911.303105,95862,96255,3414,393,13903,-520,
equal-time,66,7,optimized,B,18,4,4,0.901917,5,3244,3596783.296024,1022,1005,903,636,286,99999992,
equal-time,66,8,legacy,W,6,2,2,0.006208,0,0,0.000000,0,0,0,0,0,-99999999,
equal-time,66,9,optimized,B,13,3,4,0.064792,3,221,3410914.927769,81,113,113,91,24,99999994,
equal-time,66,10,legacy,W,11,3,2,0.006708,0,0,0.000000,0,0,0,0,0,-99999999,
equal-time,66,11,optimized,B,8,2,4,0.010917,1,31,2839607.950902,24,1,1,0,0,99999996,
equal-time,66,12,legacy,W,3,1,4,0.005458,0,0,0.000000,0,0,0,0,0,-99999999,
equal-time,66,13,optimized,B,23,5,4,0.024083,1,67,2782045.426234,17,1,0,0,0,99999998,optimized-win
equal-time,67,5,legacy,B,0,1,1,101.623166,6,100352,987491.375736,93540,100351,14122,6811,21566,-400,
equal-time,67,6,optimized,W,15,4,1,100.268125,6,269312,2685918.381340,163858,61149,24642,13444,39094,-110,
equal-time,67,7,legacy,B,9,2,5,102.032958,6,92160,903237.559770,88225,92159,10771,3934,19078,-1120,
equal-time,67,8,optimized,W,19,4,5,100.486083,8,257024,2557806.935315,112239,79370,29540,18995,52443,4350,
equal-time,67,9,legacy,B,10,3,1,100.148416,6,88064,879334.926276,84599,88063,8773,3464,16194,-4980,
equal-time,67,10,optimized,W,11,3,2,90.212750,7,254118,2816874.554872,127522,46167,21001,12318,25441,99999988,
equal-time,67,11,legacy,B,20,5,1,102.004458,5,90112,883412.370075,87288,90111,6264,2823,14596,280,
equal-time,67,12,optimized,W,17,4,3,0.059875,2,129,2154488.517745,97,30,30,16,10,99999990,
equal-time,67,13,legacy,B,15,4,1,100.424875,4,83968,836127.503270,83532,83967,1712,435,9722,-5330,
equal-time,67,14,optimized,W,12,3,3,0.377708,3,995,2634310.101984,687,124,76,44,59,99999994,
equal-time,67,15,legacy,B,13,3,4,0.007458,0,0,0.000000,0,0,0,0,0,99999999,
equal-time,67,16,optimized,W,7,2,3,0.011958,1,32,2676032.781402,24,1,1,0,0,99999996,
equal-time,67,17,legacy,B,2,1,3,0.005333,0,0,0.000000,0,0,0,0,0,99999999,
equal-time,67,18,optimized,W,3,1,4,0.008917,1,23,2579342.828305,0,1,0,0,0,99999998,optimized-win
equal-time,68,5,optimized,B,13,3,4,6.841083,5,17374,2539656.367274,11843,2852,1229,439,1830,99999992,
equal-time,68,6,legacy,W,10,3,1,101.024083,5,102400,1013619.693039,101761,102399,6151,638,15789,20,
equal-time,68,7,optimized,B,18,4,4,0.379167,3,1031,2719118.488687,644,150,79,46,81,99999994,
equal-time,68,8,legacy,W,8,2,4,0.005292,0,0,0.000000,0,0,0,0,0,-99999999,
equal-time,68,9,optimized,B,6,2,2,0.009625,1,29,3012987.012987,24,1,1,0,0,99999996,
equal-time,68,10,legacy,W,0,1,1,0.003916,0,0,0.000000,0,0,0,0,0,-99999999,
equal-time,68,11,optimized,B,24,5,5,0.004958,1,25,5042355.788624,1,1,0,0,0,99999998,optimized-win
equal-time,69,5,legacy,B,6,2,2,100.548625,6,104448,1038780.987806,98226,104447,12913,6221,22273,190,
equal-time,69,6,optimized,W,18,4,4,100.103625,9,291840,2915378.938575,76758,139919,75534,49311,80942,-250,
equal-time,69,7,legacy,B,17,4,3,0.007750,0,0,0.000000,0,0,0,0,0,99999999,
equal-time,69,8,optimized,W,7,2,3,100.019458,7,317440,3173782.445412,159343,63016,25934,17378,35135,-790,
equal-time,69,9,legacy,B,12,3,3,101.099500,5,98304,972349.022498,96309,98303,4861,1994,13196,5460,
equal-time,69,10,optimized,W,12,3,3,100.274083,7,294912,2941059.057105,135295,76176,32694,20174,46421,-460,
equal-time,69,11,legacy,B,18,4,4,100.413958,5,98304,978987.403325,94301,98303,9164,4002,19439,5640,
equal-time,69,12,optimized,W,5,2,1,100.121708,7,260096,2597798.271680,100829,119231,55546,36077,75182,-890,
equal-time,69,13,legacy,B,10,3,1,101.453208,6,104448,1029518.948282,98847,104447,9053,5600,20285,-140,
equal-time,69,14,optimized,W,6,2,2,100.177333,7,285696,2851902.635499,116699,104421,50730,36043,59286,-4300,
equal-time,69,15,legacy,B,17,4,3,101.752542,6,104448,1026490.325912,97622,104447,13737,6825,20596,4050,
equal-time,69,16,optimized,W,7,2,3,100.213000,7,304128,3034815.842256,92435,105345,54726,35930,59384,-4470,
equal-time,69,17,legacy,B,13,3,4,102.053625,6,102400,1003394.048962,95310,102399,15837,7089,23569,4050,
equal-time,69,18,optimized,W,11,3,2,53.862417,8,178026,3305198.873641,72466,33447,18846,8255,19381,-99999989,
equal-time,69,19,legacy,B,16,4,2,101.091333,6,102400,1012945.392658,97205,102399,9873,5194,19272,4210,
equal-time,69,20,optimized,W,15,4,1,0.484625,6,1957,4038173.845757,442,1387,1363,1092,243,-99999991,
equal-time,69,21,legacy,B,21,5,2,100.422666,5,102400,1019690.116572,97475,102399,8903,4924,21053,10040,
equal-time,69,22,optimized,W,9,2,5,100.291209,8,263168,2624038.563540,82310,123423,58179,41690,74050,-4840,
equal-time,69,23,legacy,B,7,2,3,101.168541,6,98304,971685.457043,93719,98303,7422,4584,16749,-590,
equal-time,69,24,optimized,W,18,4,4,100.253958,7,265216,2645441.689195,81567,111376,48140,31009,72003,4390,
equal-time,69,25,legacy,B,11,3,2,100.342292,6,96256,959276.473374,94459,96255,6588,1796,17331,-4330,
equal-time,69,26,optimized,W,15,4,1,2.546708,5,8881,3487247.065624,2409,2053,1405,908,868,99999990,
equal-time,69,27,legacy,B,15,4,1,0.009125,0,0,0.000000,0,0,0,0,0,99999999,
equal-time,69,28,optimized,W,18,4,4,0.071250,3,229,3214035.087719,106,109,108,85,26,99999992,
equal-time,69,29,legacy,B,0,1,1,0.004625,0,0,0.000000,0,0,0,0,0,99999999,
equal-time,69,30,optimized,W,16,4,2,0.008959,1,28,3125348.811251,23,1,1,0,0,99999994,
equal-time,69,31,legacy,B,17,4,3,0.008125,0,0,0.000000,0,0,0,0,0,99999999,
equal-time,69,32,optimized,W,17,4,3,0.007250,1,25,3448275.862069,0,1,0,0,0,99999996,
equal-time,69,33,legacy,B,2,1,3,0.005041,0,0,0.000000,0,0,0,0,0,99999999,
equal-time,69,34,optimized,W,18,4,4,0.003916,1,25,6384065.372829,1,1,0,0,0,99999998,optimized-win
equal-time,70,5,optimized,B,8,2,4,6.774375,5,21107,3115711.781530,15535,3020,1247,456,1859,99999992,
equal-time,70,6,legacy,W,12,3,3,101.604417,5,102400,1007830.200925,101913,102399,3993,486,13066,220,
equal-time,70,7,optimized,B,6,2,2,0.135209,3,348,2573793.164656,98,150,118,76,72,99999994,
equal-time,70,8,legacy,W,11,3,2,74.809708,5,73355,980554.555834,72832,73355,4023,523,8430,99999999,
equal-time,70,9,optimized,B,7,2,3,0.011791,1,29,2459503.010771,23,1,1,0,0,99999996,
equal-time,70,10,legacy,W,5,2,1,0.004750,0,0,0.000000,0,0,0,0,0,-99999999,
equal-time,70,11,optimized,B,9,2,5,0.014750,1,46,3118644.067797,22,1,0,0,0,99999998,optimized-win
equal-time,71,5,legacy,B,18,4,4,100.924250,6,106496,1055207.247019,100541,106495,12041,5954,19031,4630,
equal-time,71,6,optimized,W,17,4,3,1.626541,4,4711,2896330.310764,2188,1598,714,556,905,-99999993,
equal-time,71,7,legacy,B,8,2,4,25.717375,5,26103,1014994.726328,25708,26103,1512,395,2894,99999999,
equal-time,71,8,optimized,W,13,3,4,0.019416,2,77,3965801.400906,25,27,27,24,0,-99999995,
equal-time,71,9,legacy,B,12,3,3,0.745458,3,744,998044.155405,707,744,153,37,117,99999999,
equal-time,71,10,optimized,W,4,1,5,0.004750,1,25,5263157.894737,0,1,0,0,0,-99999997,
equal-time,71,11,legacy,B,20,5,1,0.003625,0,0,0.000000,0,0,0,0,0,99999999,legacy-win
equal-time,72,5,optimized,B,12,3,3,6.402583,5,19842,3099061.738052,13636,3693,1487,772,2242,99999992,
equal-time,72,6,legacy,W,16,4,2,100.338834,5,102400,1020542.056528,101891,102399,5494,508,16041,-190,
equal-time,72,7,optimized,B,6,2,2,0.264709,3,784,2961742.895028,646,123,99,67,36,99999994,
equal-time,72,8,legacy,W,18,4,4,3.631917,4,3613,994791.455862,3503,3613,465,110,644,99999999,
equal-time,72,9,optimized,B,7,2,3,0.010917,1,28,2564807.181460,24,1,1,0,0,99999996,
equal-time,72,10,legacy,W,5,2,1,0.005125,0,0,0.000000,0,0,0,0,0,-99999999,
equal-time,72,11,optimized,B,9,2,5,0.009792,1,23,2348856.209150,0,1,0,0,0,99999998,optimized-win
equal-time,73,5,legacy,B,7,2,3,100.939000,6,104448,1034763.570077,98694,104447,9920,5753,20381,160,
equal-time,73,6,optimized,W,9,2,5,7.160084,6,19497,2723012.746778,10151,6008,3103,1409,3960,-99999991,
equal-time,73,7,legacy,B,21,5,2,100.224542,6,102400,1021705.841270,96632,102399,10515,5767,17662,600,
equal-time,73,8,optimized,W,23,5,4,0.768458,4,2123,2762675.383690,285,1120,657,517,537,-99999993,
equal-time,73,9,legacy,B,12,3,3,21.852375,5,21895,1001950.588895,21650,21895,536,245,1742,99999999,
equal-time,73,10,optimized,W,17,4,3,0.012083,2,51,4220806.091203,1,27,27,24,1,-99999995,
equal-time,73,11,legacy,B,16,4,2,0.336250,3,398,1183643.122677,362,398,199,36,118,99999999,
equal-time,73,12,optimized,W,4,1,5,0.004917,1,25,5084401.057555,0,1,0,0,0,-99999997,
equal-time,73,13,legacy,B,20,5,1,0.003875,0,0,0.000000,0,0,0,0,0,99999999,legacy-win
equal-time,74,5,optimized,B,8,2,4,0.223792,3,642,2868735.254165,489,118,63,19,86,99999994,
equal-time,74,6,legacy,W,16,4,2,6.188500,4,6562,1060353.882201,6561,6562,228,1,989,99999999,
equal-time,74,7,optimized,B,7,2,3,0.010584,1,27,2551020.408163,24,1,1,0,0,99999996,
equal-time,74,8,legacy,W,5,2,1,0.005375,0,0,0.000000,0,0,0,0,0,-99999999,
equal-time,74,9,optimized,B,9,2,5,0.016042,1,45,2805136.516644,21,1,0,0,0,99999998,optimized-win
equal-time,75,5,legacy,B,8,2,4,39.762667,5,40165,1010118.360521,39824,40165,1400,341,4676,99999999,
equal-time,75,6,optimized,W,16,4,2,0.050166,2,116,2312323.087350,62,27,1,0,24,-99999995,
equal-time,75,7,legacy,B,7,2,3,0.625917,3,661,1056050.562615,624,661,155,37,112,99999999,
equal-time,75,8,optimized,W,5,2,1,0.004792,1,25,5217028.380634,0,1,0,0,0,-99999997,
equal-time,75,9,legacy,B,9,2,5,0.001834,0,0,0.000000,0,0,0,0,0,99999999,legacy-win
equal-time,76,5,optimized,B,3,1,4,100.268625,7,316416,3155683.046417,165720,63091,28342,13640,39096,4760,
equal-time,76,6,legacy,W,2,1,3,0.004375,0,0,0.000000,0,0,0,0,0,-99999999,
equal-time,76,7,optimized,B,12,3,3,100.178917,7,303104,3025626.639585,111816,96392,43032,29608,57056,60,
equal-time,76,8,legacy,W,12,3,3,100.062000,5,100352,1002898.203114,99671,100351,4007,680,14101,-970,
equal-time,76,9,optimized,B,1,1,2,100.296666,7,319488,3185429.912496,144055,73417,33501,18780,43949,-60,
equal-time,76,10,legacy,W,8,2,4,100.776666,5,98304,975463.903519,97485,98303,5258,818,16850,-1250,
equal-time,76,11,optimized,B,7,2,3,100.006250,8,277504,2774866.570839,66361,119088,50943,34405,75491,-1010,
equal-time,76,12,legacy,W,18,4,4,100.840042,5,98304,974850.843477,97916,98303,4430,387,15428,-1220,
equal-time,76,13,optimized,B,23,5,4,100.438041,9,260096,2589616.418345,95576,97006,41619,22913,66116,4030,
equal-time,76,14,legacy,W,17,4,3,100.982041,5,96256,953199.193112,95758,96255,4894,497,15762,-1190,
equal-time,76,15,optimized,B,15,4,1,100.247041,8,276480,2757986.642219,117429,91188,44728,29576,52808,-890,
equal-time,76,16,legacy,W,11,3,2,0.008375,0,0,0.000000,0,0,0,0,0,-99999999,
equal-time,76,17,optimized,B,21,5,2,100.270291,7,218112,2175240.520644,60167,138965,48513,35904,97450,4480,
equal-time,76,18,legacy,W,16,4,2,100.198500,5,94208,940213.675853,94116,94207,2706,91,9455,-1600,
equal-time,76,19,optimized,B,19,4,5,100.121625,8,295936,2955765.050757,115866,63491,22315,16020,37660,3780,
equal-time,76,20,legacy,W,22,5,3,101.388666,5,96256,949376.333643,95853,96255,5094,402,10071,-1120,
equal-time,76,21,optimized,B,2,1,3,100.142709,7,294912,2944917.337916,159811,49645,21399,11489,28663,9330,
equal-time,76,22,legacy,W,11,3,2,100.726208,5,96256,955620.209588,95640,96255,4006,615,9749,3250,
equal-time,76,23,optimized,B,1,1,2,37.776750,7,109320,2893843.435446,59860,19807,14550,5082,11181,99999990,
equal-time,76,24,legacy,W,1,1,2,0.007458,0,0,0.000000,0,0,0,0,0,-99999999,
equal-time,76,25,optimized,B,3,1,4,0.433666,5,1705,3931597.127743,514,927,914,706,173,99999992,
equal-time,76,26,legacy,W,0,1,1,0.006000,0,0,0.000000,0,0,0,0,0,-99999999,
equal-time,76,27,optimized,B,3,1,4,0.098583,3,300,3043121.024923,94,121,119,67,54,99999994,
equal-time,76,28,legacy,W,3,1,4,0.007000,0,0,0.000000,0,0,0,0,0,-99999999,
equal-time,76,29,optimized,B,2,1,3,0.010083,1,29,2876128.136467,22,1,1,0,0,99999996,
equal-time,76,30,legacy,W,0,1,1,0.005375,0,0,0.000000,0,0,0,0,0,-99999999,
equal-time,76,31,optimized,B,0,1,1,0.014000,1,43,3071428.571429,0,1,0,0,0,99999998,optimized-win
equal-time,77,5,legacy,B,11,3,2,100.628042,6,104448,1037961.167922,99275,104447,10247,5172,18787,-440,
equal-time,77,6,optimized,W,3,1,4,100.202667,7,305152,3045348.084398,158435,78470,33118,18899,49511,570,
equal-time,77,7,legacy,B,8,2,4,100.052709,6,102400,1023460.544182,96933,102399,10938,5466,19926,-580,
equal-time,77,8,optimized,W,12,3,3,100.034209,6,312320,3122131.949881,176171,63779,24281,15185,38185,-260,
equal-time,77,9,legacy,B,17,4,3,101.463000,5,92160,908311.404157,89567,92159,5792,2592,15629,740,
equal-time,77,10,optimized,W,12,3,3,100.151167,7,243712,2433441.439579,106599,107582,48016,35833,64293,790,
equal-time,77,11,legacy,B,5,2,1,102.013833,6,96256,943558.311352,92060,96255,8391,4195,17143,-850,
equal-time,77,12,optimized,W,23,5,4,100.077833,8,248832,2486384.772140,114814,94819,38485,26135,61139,30,
equal-time,77,13,legacy,B,12,3,3,102.056375,5,90112,882962.970221,86314,90111,6944,3797,15465,4510,
equal-time,77,14,optimized,W,6,2,2,100.404792,7,251904,2508884.237318,123957,85877,36696,24138,53942,1880,
equal-time,77,15,legacy,B,15,4,1,101.117916,6,86016,850650.442598,81635,86015,8427,4380,16093,-5330,
equal-time,77,16,optimized,W,10,3,1,100.192084,8,259072,2585753.181858,93616,114975,61671,44720,61909,-130,
equal-time,77,17,legacy,B,24,5,5,100.458833,6,94208,937777.168883,88834,94207,10745,5373,18900,-5510,
equal-time,77,18,optimized,W,13,3,4,100.254250,7,282624,2819072.508148,115840,128348,76584,54746,64555,5970,
equal-time,77,19,legacy,B,11,3,2,100.762334,6,104448,1036577.814881,97105,104447,10140,7342,16063,-5970,
equal-time,77,20,optimized,W,11,3,2,100.192500,7,305152,3045657.110063,173480,69381,36622,21360,38063,5290,
equal-time,77,21,legacy,B,17,4,3,101.394459,6,100352,989718.777433,94352,100351,11548,5999,18524,-5300,
equal-time,77,22,optimized,W,5,2,1,100.152959,7,322560,3220673.689731,120671,70058,29842,20591,38362,4280,
equal-time,77,23,legacy,B,18,4,4,100.647000,6,100352,997068.963804,94424,100351,11409,5927,17838,-4280,
equal-time,77,24,optimized,W,16,4,2,100.339916,10,328704,3275904.675862,133010,96404,56265,34338,50749,-6550,
equal-time,77,25,legacy,B,18,4,4,100.508417,6,100352,998443.742279,94079,100351,9192,6272,16042,-4600,
equal-time,77,26,optimized,W,16,4,2,100.200791,9,272384,2718381.734132,75505,128502,63228,45672,73584,3880,
equal-time,77,27,legacy,B,8,2,4,101.421875,6,100352,989451.240179,93992,100351,12629,6359,19995,-3930,
equal-time,77,28,optimized,W,18,4,4,100.037541,8,284672,2845651.713890,140643,78583,31105,22406,46561,-9070,
equal-time,77,29,legacy,B,8,2,4,101.428375,6,102400,1009579.419960,92538,102399,14029,9861,20036,4180,
equal-time,77,30,optimized,W,8,2,4,100.189083,8,306176,3055981.658201,150115,76916,34654,24747,41790,-9710,
equal-time,77,31,legacy,B,16,4,2,100.971208,4,92160,912735.440384,91476,92159,2102,683,7847,4180,
equal-time,77,32,optimized,W,16,4,2,100.115917,7,303104,3027530.577381,104261,141722,81793,64079,67933,-4060,
equal-time,77,33,legacy,B,12,3,3,100.995875,6,98304,973346.683714,92683,98303,9877,5620,14926,-110,
equal-time,77,34,optimized,W,10,3,1,100.223833,7,322560,3218396.167307,76917,148647,87409,62101,76057,-5340,
equal-time,77,35,legacy,B,15,4,1,101.353958,6,96256,949701.441359,92168,96255,9318,4087,17443,4930,
equal-time,77,36,optimized,W,10,3,1,100.127000,8,312320,3119238.567020,60845,152307,89501,60312,80977,-19880,
equal-time,77,37,legacy,B,10,3,1,0.009834,0,0,0.000000,0,0,0,0,0,99999999,
equal-time,77,38,optimized,W,23,5,4,65.638541,8,197040,3001894.877584,76210,73673,37034,23945,42928,-99999989,
equal-time,77,39,legacy,B,11,3,2,101.499625,5,92160,907983.650186,90615,92159,5704,1544,12705,20680,
equal-time,77,40,optimized,W,23,5,4,100.282959,8,353280,3522831.830281,49992,134794,75578,36209,85187,-5560,
equal-time,77,41,legacy,B,23,5,4,0.012708,0,0,0.000000,0,0,0,0,0,99999999,
equal-time,77,42,optimized,W,17,4,3,2.749125,8,9249,3364343.200109,1396,5902,4228,3215,2397,-99999989,
equal-time,77,43,legacy,B,5,2,1,0.007584,0,0,0.000000,0,0,0,0,0,99999999,
equal-time,77,44,optimized,W,17,4,3,0.167333,6,1010,6035868.597348,180,784,784,692,68,-99999991,
equal-time,77,45,legacy,B,23,5,4,0.010042,0,0,0.000000,0,0,0,0,0,99999999,
equal-time,77,46,optimized,W,18,4,4,0.087292,4,581,6655821.839344,125,449,449,389,48,-99999993,
equal-time,77,47,legacy,B,8,2,4,38.562750,5,34920,905537.079176,34602,34920,1094,318,3213,99999999,
equal-time,77,48,optimized,W,21,5,2,0.014416,2,48,3329633.740289,19,25,25,22,1,-99999995,
equal-time,77,49,legacy,B,20,5,1,0.955833,3,957,1001220.924576,941,957,191,16,136,99999999,
equal-time,77,50,optimized,W,20,5,1,0.007000,1,23,3285714.285714,0,1,0,0,0,-99999997,
equal-time,77,51,legacy,B,20,5,1,0.003708,0,0,0.000000,0,0,0,0,0,99999999,legacy-win
equal-time,78,5,optimized,B,18,4,4,100.154292,6,310272,3097940.126220,145222,75937,29603,18013,47911,-10,
equal-time,78,6,legacy,W,10,3,1,100.361292,5,102400,1020313.688269,101320,102399,4877,1079,14736,-300,
equal-time,78,7,optimized,B,17,4,3,3.382875,5,10427,3082289.472712,6799,1831,1194,544,975,99999992,
equal-time,78,8,legacy,W,16,4,2,0.006375,0,0,0.000000,0,0,0,0,0,-99999999,
equal-time,78,9,optimized,B,12,3,3,0.050333,3,199,3953668.567342,62,112,110,86,29,99999994,
equal-time,78,10,legacy,W,7,2,3,0.005083,0,0,0.000000,0,0,0,0,0,-99999999,
equal-time,78,11,optimized,B,6,2,2,0.008458,1,27,3192244.029321,24,1,1,0,0,99999996,
equal-time,78,12,legacy,W,0,1,1,0.004041,0,0,0.000000,0,0,0,0,0,-99999999,
equal-time,78,13,optimized,B,24,5,5,0.004792,1,25,5217028.380634,1,1,0,0,0,99999998,optimized-win
equal-time,79,5,legacy,B,18,4,4,101.331833,5,104448,1030752.103340,99033,104447,9757,5414,21078,5010,
equal-time,79,6,optimized,W,12,3,3,100.416708,7,304128,3028659.334261,153761,65433,31777,13100,42284,20,
equal-time,79,7,legacy,B,13,3,4,101.773000,6,104448,1026283.984947,100151,104447,8505,4296,19671,-20,
equal-time,79,8,optimized,W,8,2,4,100.155167,10,271360,2709395.911646,88400,122579,59244,39096,74995,-4880,
equal-time,79,9,legacy,B,16,4,2,0.007792,0,0,0.000000,0,0,0,0,0,99999999,
equal-time,79,10,optimized,W,17,4,3,100.160708,9,308224,3077294.541488,120259,94360,52844,36806,47171,90,
equal-time,79,11,legacy,B,7,2,3,100.994667,6,102400,1013914.922854,97419,102399,8351,4980,15632,-120,
equal-time,79,12,optimized,W,1,1,2,100.008458,8,236544,2365239.948005,85332,124823,53046,37923,79762,-1460,
equal-time,79,13,legacy,B,13,3,4,100.361167,6,102400,1020314.959072,95036,102399,13401,7363,22278,-510,
equal-time,79,14,optimized,W,23,5,4,100.009834,7,260096,2600704.246744,104600,119017,54999,39622,71356,150,
equal-time,79,15,legacy,B,13,3,4,100.371500,5,98304,979401.523341,93147,98303,9937,5156,20211,6090,
equal-time,79,16,optimized,W,13,3,4,100.270833,8,276480,2757332.234390,142363,86720,44669,27638,50013,-5210,
equal-time,79,17,legacy,B,5,2,1,100.679417,6,96256,956064.336368,90743,96255,9375,5512,17947,0,
equal-time,79,18,optimized,W,12,3,3,100.016750,7,293888,2938387.820040,165250,65580,28590,18309,37383,30,
equal-time,79,19,legacy,B,12,3,3,101.009250,6,96256,952942.428540,89493,96255,10536,6762,16326,0,
equal-time,79,20,optimized,W,16,4,2,100.160167,7,306176,3056863.912777,177328,68484,35766,21098,36954,2930,
equal-time,79,21,legacy,B,8,2,4,100.508375,6,96256,957691.336667,90797,96255,8467,5458,16015,-3100,
equal-time,79,22,optimized,W,18,4,4,100.409417,7,297984,2967689.773560,110995,113069,55238,39361,64027,-1330,
equal-time,79,23,legacy,B,17,4,3,102.284166,6,98304,961087.173551,91485,98303,12766,6818,19434,-3040,
equal-time,79,24,optimized,W,16,4,2,100.244250,7,291840,2911289.176187,145554,95717,45817,32448,54040,-1510,
equal-time,79,25,legacy,B,17,4,3,102.106833,6,98304,962756.331890,92256,98303,13012,6047,19430,-2490,
equal-time,79,26,optimized,W,16,4,2,100.171417,8,332800,3322305.004431,140096,99185,53713,35467,52295,-11350,
equal-time,79,27,legacy,B,16,4,2,0.011500,0,0,0.000000,0,0,0,0,0,99999999,
equal-time,79,28,optimized,W,17,4,3,100.299958,8,312320,3113859.728635,188286,72982,31382,18640,43567,-12270,
equal-time,79,29,legacy,B,1,1,2,101.861792,5,83968,824332.640839,83528,83967,3407,439,9113,12180,
equal-time,79,30,optimized,W,19,4,5,100.031375,7,294912,2948195.003818,137385,107597,57224,40001,57676,-1880,
equal-time,79,31,legacy,B,8,2,4,100.566209,4,75776,753493.651133,75460,75775,1887,315,8395,2030,
equal-time,79,32,optimized,W,12,3,3,100.241500,7,291840,2911369.043759,110302,119536,57001,38561,71157,-5540,
equal-time,79,33,legacy,B,9,2,5,100.784208,5,92160,914428.974825,87206,92159,8878,4953,16343,15160,
equal-time,79,34,optimized,W,18,4,4,100.132167,8,294912,2945227.381327,82721,136346,70046,43762,82330,-15760,
equal-time,79,35,legacy,B,18,4,4,101.100584,6,92160,911567.434665,87809,92159,7237,4350,14485,10350,
equal-time,79,36,optimized,W,3,1,4,100.119417,9,326656,3262663.824740,125644,109005,54272,40646,57003,-11330,
equal-time,79,37,legacy,B,14,3,5,100.760417,6,94208,934970.326691,88937,94207,13436,5270,18230,9530,
equal-time,79,38,optimized,W,24,5,5,100.040750,9,327680,3275465.247911,107485,125375,79519,48705,64638,-15540,
equal-time,79,39,legacy,B,7,2,3,100.440208,6,92160,917560.823849,87576,92159,10533,4583,18284,9750,
equal-time,79,40,optimized,W,15,4,1,100.166792,8,318464,3179337.120031,64319,148357,74363,51900,85405,-16340,
equal-time,79,41,legacy,B,18,4,4,0.012375,0,0,0.000000,0,0,0,0,0,99999999,
equal-time,79,42,optimized,W,7,2,3,100.240333,9,305152,3044203.773744,61632,159361,91496,50882,96765,-13900,
equal-time,79,43,legacy,B,7,2,3,100.878459,6,92160,913574.621516,88311,92159,7501,3848,16228,10480,
equal-time,79,44,optimized,W,22,5,3,80.842541,12,287210,3552708.715576,53857,83919,38182,24601,47869,-99999985,
equal-time,79,45,legacy,B,21,5,2,0.012250,0,0,0.000000,0,0,0,0,0,99999999,
equal-time,79,46,optimized,W,15,4,1,0.452875,10,2326,5136075.075904,153,1969,1880,1484,406,-99999987,
equal-time,79,47,legacy,B,15,4,1,0.009250,0,0,0.000000,0,0,0,0,0,99999999,
equal-time,79,48,optimized,W,17,4,3,0.189583,8,1408,7426826.244969,145,1160,1157,1027,89,-99999989,
equal-time,79,49,legacy,B,2,1,3,0.005583,0,0,0.000000,0,0,0,0,0,99999999,
equal-time,79,50,optimized,W,2,1,3,0.092833,6,817,8800749.733392,91,649,649,601,24,-99999991,
equal-time,79,51,legacy,B,2,1,3,0.005291,0,0,0.000000,0,0,0,0,0,99999999,
equal-time,79,52,optimized,W,2,1,3,0.049125,4,462,9404580.152672,46,371,371,345,15,-99999993,
equal-time,79,53,legacy,B,11,3,2,40.191542,5,36539,909121.625640,36353,36539,1074,186,4247,99999999,
equal-time,79,54,optimized,W,6,2,2,0.021959,2,43,1958194.817615,1,23,3,0,21,-99999995,
equal-time,79,55,legacy,B,6,2,2,0.184250,3,210,1139755.766621,176,210,126,34,58,99999999,
equal-time,79,56,optimized,W,0,1,1,0.003375,1,21,6222222.222222,0,1,0,0,0,-99999997,
equal-time,79,57,legacy,B,5,2,1,0.001209,0,0,0.000000,0,0,0,0,0,99999999,legacy-win
equal-time,80,5,optimized,B,23,5,4,100.382833,8,278528,2774657.694708,87322,119860,55370,33147,77874,-210,
equal-time,80,6,legacy,W,22,5,3,101.230250,5,98304,971093.126807,97614,98303,5057,689,17403,-560,
equal-time,80,7,optimized,B,15,4,1,100.062333,7,287744,2875647.522630,99936,107613,47930,30255,68117,480,
equal-time,80,8,legacy,W,18,4,4,100.163792,5,98304,981432.492093,97186,98303,4774,1117,13957,-570,
equal-time,80,9,optimized,B,3,1,4,0.051125,3,141,2757946.210269,26,99,99,72,31,99999994,
equal-time,80,10,legacy,W,12,3,3,3.357125,4,3354,999069.143985,3235,3354,1111,119,840,99999999,
equal-time,80,11,optimized,B,11,3,2,0.012750,1,31,2431372.549020,19,1,1,0,0,99999996,
equal-time,80,12,legacy,W,7,2,3,0.006166,0,0,0.000000,0,0,0,0,0,-99999999,
equal-time,80,13,optimized,B,17,4,3,0.008000,1,24,3000000.000000,0,1,1,0,0,99999998,optimized-win
equal-time,81,5,legacy,B,23,5,4,100.110000,6,106496,1063789.831186,99282,106495,10960,7213,19847,-560,
equal-time,81,6,optimized,W,20,5,1,100.237458,9,294912,2942133.668234,109458,102695,56370,27016,65730,60,
equal-time,81,7,legacy,B,12,3,3,100.769875,6,100352,995853.175366,97013,100351,7861,3338,19382,-420,
equal-time,81,8,optimized,W,18,4,4,100.087875,7,270336,2700986.508106,111990,94250,33602,21366,64228,430,
equal-time,81,9,legacy,B,3,1,4,0.005292,0,0,0.000000,0,0,0,0,0,99999999,
equal-time,81,10,optimized,W,17,4,3,100.084334,7,258048,2578305.611745,105409,106274,42085,26785,71618,390,
equal-time,81,11,legacy,B,16,4,2,100.736083,6,100352,996187.235114,95751,100351,7444,4600,17152,-560,
equal-time,81,12,optimized,W,12,3,3,100.010666,7,272384,2723549.506210,130175,93299,40796,26707,57986,490,
equal-time,81,13,legacy,B,1,1,2,101.546334,5,98304,968070.398287,97179,98303,6058,1124,13116,9420,
equal-time,81,14,optimized,W,2,1,3,100.120125,7,272384,2720571.912990,126418,84791,38515,25754,50406,570,
equal-time,81,15,legacy,B,3,1,4,100.723375,5,96256,955647.087878,94796,96255,6384,1459,15710,4900,
equal-time,81,16,optimized,W,13,3,4,100.024958,7,254976,2549123.789685,103055,110618,44598,31924,71101,1280,
equal-time,81,17,legacy,B,13,3,4,100.655125,6,96256,956295.071910,91186,96255,8008,5069,17634,-1190,
equal-time,81,18,optimized,W,17,4,3,100.168583,7,273408,2729478.563154,150142,84630,43510,29084,46845,1450,
equal-time,81,19,legacy,B,8,2,4,101.869625,5,92160,904685.768697,91121,92159,4373,1038,12031,8480,
equal-time,81,20,optimized,W,17,4,3,100.460667,7,266240,2650191.442587,102324,116170,52553,35267,72559,1500,
equal-time,81,21,legacy,B,17,4,3,0.009417,0,0,0.000000,0,0,0,0,0,99999999,
equal-time,81,22,optimized,W,8,2,4,100.092625,7,303104,3028235.097241,100417,99313,42112,28952,60587,260,
equal-time,81,23,legacy,B,18,4,4,100.465416,5,94208,937715.721000,92247,94207,7289,1960,15275,8300,
equal-time,81,24,optimized,W,8,2,4,100.357834,9,283648,2826366.300413,81323,126716,60995,40018,77767,1070,
equal-time,81,25,legacy,B,24,5,5,100.202500,6,94208,940176.143310,89677,94207,9589,4530,17656,-1020,
equal-time,81,26,optimized,W,22,5,3,100.067625,8,287744,2875495.446205,71549,116702,57145,38955,68153,-4590,
equal-time,81,27,legacy,B,6,2,2,100.399708,6,94208,938329.422233,89648,94207,7821,4559,16238,-4810,
equal-time,81,28,optimized,W,11,3,2,100.128750,8,274432,2740791.231290,80004,121595,63521,40988,71565,-1190,
equal-time,81,29,legacy,B,12,3,3,100.239000,6,94208,939833.797225,89084,94207,8249,5123,15831,-5090,
equal-time,81,30,optimized,W,13,3,4,100.051833,7,264192,2640551.323033,124331,98850,41642,27398,63441,4710,
equal-time,81,31,legacy,B,2,1,3,101.251208,6,94208,930438.281783,87509,94207,12484,6698,21503,-840,
equal-time,81,32,optimized,W,23,5,4,100.397084,8,269312,2682468.347387,76305,134109,64644,42619,82998,10210,
equal-time,81,33,legacy,B,11,3,2,101.593958,6,94208,927299.239587,90022,94207,7570,4185,16092,-9160,
equal-time,81,34,optimized,W,21,5,2,100.096458,7,281600,2813286.360243,56881,135213,54828,39101,86942,13460,
equal-time,81,35,legacy,B,22,5,3,101.471791,6,83968,827500.915993,80419,83967,9776,3548,19112,-17000,
equal-time,81,36,optimized,W,8,2,4,100.156542,7,284672,2842270.652675,66111,131796,58851,38567,83574,22000,
equal-time,81,37,legacy,B,18,4,4,0.012958,0,0,0.000000,0,0,0,0,0,99999999,
equal-time,81,38,optimized,W,18,4,4,100.136208,9,300032,2996238.882942,72231,131242,63295,39659,81234,8050,
equal-time,81,39,legacy,B,16,4,2,100.137917,6,90112,899878.913998,86226,90111,7867,3885,16605,-18070,
equal-time,81,40,optimized,W,1,1,2,100.408334,9,281600,2804548.076657,40589,175641,94994,56090,109379,3820,
equal-time,81,41,legacy,B,11,3,2,100.602416,6,92160,916081.379199,86845,92159,10489,5314,16558,-7260,
equal-time,81,42,optimized,W,11,3,2,100.153250,8,311296,3108196.688575,85073,116680,59554,34301,71440,-11570,
equal-time,81,43,legacy,B,6,2,2,101.227334,5,92160,910426.031767,87888,92159,9134,4271,17241,11400,
equal-time,81,44,optimized,W,9,2,5,43.149459,10,116281,2694842.593507,5642,81743,50494,24929,52328,-99999987,
equal-time,81,45,legacy,B,9,2,5,0.010333,0,0,0.000000,0,0,0,0,0,99999999,
equal-time,81,46,optimized,W,3,1,4,0.226250,8,1535,6784530.386740,196,1251,1230,1128,78,-99999989,
equal-time,81,47,legacy,B,3,1,4,0.006584,0,0,0.000000,0,0,0,0,0,99999999,
equal-time,81,48,optimized,W,23,5,4,0.132292,6,998,7543917.999577,147,803,802,735,41,-99999991,
equal-time,81,49,legacy,B,23,5,4,0.009875,0,0,0.000000,0,0,0,0,0,99999999,
equal-time,81,50,optimized,W,19,4,5,0.103250,4,702,6799031.476998,99,516,516,471,27,-99999993,
equal-time,81,51,legacy,B,16,4,2,51.650375,5,47472,919102.717066,46766,47472,1245,706,4206,99999999,
equal-time,81,52,optimized,W,16,4,2,0.018125,2,49,2703448.275862,1,26,26,23,1,-99999995,
equal-time,81,53,legacy,B,6,2,2,1.486666,3,1386,932287.413582,1365,1386,170,21,115,99999999,
equal-time,81,54,optimized,W,1,1,2,0.004833,1,24,4965859.714463,0,1,0,0,0,-99999997,
equal-time,81,55,legacy,B,1,1,2,0.000584,0,0,0.000000,0,0,0,0,0,99999999,legacy-win
equal-time,82,5,optimized,B,5,2,1,100.327583,7,326656,3255894.243959,116871,96617,43264,27538,58203,600,
equal-time,82,6,legacy,W,10,3,1,100.819791,5,98304,975046.655274,97825,98303,3293,478,15209,-390,
equal-time,82,7,optimized,B,12,3,3,100.120167,7,307200,3068312.900437,96633,116335,55653,38436,67639,430,
equal-time,82,8,legacy,W,18,4,4,100.555291,5,96256,957244.507402,95840,96255,3866,415,15015,-640,
equal-time,82,9,optimized,B,12,3,3,100.242542,7,272384,2717249.528648,132228,95156,38231,25860,60776,650,
equal-time,82,10,legacy,W,19,4,5,102.128167,5,96256,942501.983806,95820,96255,4503,435,16104,-4190,
equal-time,82,11,optimized,B,17,4,3,100.347375,8,272384,2714410.815430,97202,99701,38729,24317,67142,50,
equal-time,82,12,legacy,W,11,3,2,100.819917,5,94208,934418.543511,93796,94207,3026,411,9641,70,
equal-time,82,13,optimized,B,12,3,3,100.133416,8,274432,2740663.516363,99369,108057,43657,30443,69225,-200,
equal-time,82,14,legacy,W,12,3,3,0.007334,0,0,0.000000,0,0,0,0,0,-99999999,
equal-time,82,15,optimized,B,6,2,2,100.139458,7,295936,2955238.683237,148315,73342,33811,20176,43660,1330,
equal-time,82,16,legacy,W,9,2,5,100.057792,5,94208,941535.867591,93860,94207,2768,347,11651,-70,
equal-time,82,17,optimized,B,4,1,5,100.268166,7,296960,2961657.840635,148404,70175,28677,16550,44067,1970,
equal-time,82,18,legacy,W,1,1,2,100.609917,5,94208,936368.926733,93914,94207,3204,293,11874,-220,
equal-time,82,19,optimized,B,13,3,4,100.046667,7,290816,2906803.482019,170542,63500,32877,19122,34677,6360,
equal-time,82,20,legacy,W,24,5,5,101.431250,5,94208,928786.739787,93864,94207,3951,343,11321,750,
equal-time,82,21,optimized,B,14,3,5,100.038125,8,292864,2927523.881520,166276,81922,47061,32229,39996,1280,
equal-time,82,22,legacy,W,13,3,4,101.091875,5,94208,931904.764849,93536,94207,4776,671,12089,1150,
equal-time,82,23,optimized,B,8,2,4,100.268208,7,293888,2931018.773169,149936,76850,37409,25702,41396,20730,
equal-time,82,24,legacy,W,16,4,2,101.966917,5,96256,943992.451983,95753,96255,3325,502,9272,5870,
equal-time,82,25,optimized,B,16,4,2,60.431708,7,194249,3214355.616095,103348,34544,22665,11417,16316,99999990,
equal-time,82,26,legacy,W,16,4,2,0.010875,0,0,0.000000,0,0,0,0,0,-99999999,
equal-time,82,27,optimized,B,8,2,4,1.858041,5,5870,3159241.373038,1903,2840,2161,1519,1132,99999992,
equal-time,82,28,legacy,W,8,2,4,0.007708,0,0,0.000000,0,0,0,0,0,-99999999,
equal-time,82,29,optimized,B,20,5,1,0.121542,3,322,2649289.957381,147,171,151,93,78,99999994,
equal-time,82,30,legacy,W,6,2,2,45.846042,4,42995,937812.690570,42941,42995,886,54,2571,99999999,
equal-time,82,31,optimized,B,20,5,1,0.015750,1,28,1777777.777778,23,1,1,0,0,99999996,
equal-time,82,32,legacy,W,20,5,1,0.009292,0,0,0.000000,0,0,0,0,0,-99999999,
equal-time,82,33,optimized,B,20,5,1,0.009667,1,24,2482673.011275,0,1,0,0,0,99999998,optimized-win
equal-time,83,5,legacy,B,10,3,1,100.505792,5,98304,978092.884438,96840,98303,6510,1463,15372,4970,
equal-time,83,6,optimized,W,5,2,1,100.121625,7,329728,3293274.554823,125296,86643,40487,21055,54591,430,
equal-time,83,7,legacy,B,13,3,4,101.126083,5,100352,992345.367515,95851,100351,8625,4500,17626,4640,
equal-time,83,8,optimized,W,18,4,4,100.136291,8,305152,3047366.713433,53429,149673,76835,52225,87131,-10,
equal-time,83,9,legacy,B,17,4,3,100.240375,6,100352,1001113.573248,96240,100351,7686,4111,16225,-590,
equal-time,83,10,optimized,W,6,2,2,100.322625,7,273408,2725287.541071,93869,107356,46343,28412,70280,1040,
equal-time,83,11,legacy,B,21,5,2,100.416625,6,100352,999356.431268,98401,100351,5932,1950,14433,-1070,
equal-time,83,12,optimized,W,9,2,5,100.402084,9,289792,2886314.590841,106960,73334,27455,14713,49325,1370,
equal-time,83,13,legacy,B,24,5,5,101.452667,6,98304,968964.177157,95913,98303,7999,2390,15612,-1240,
equal-time,83,14,optimized,W,6,2,2,100.324166,7,244736,2439452.125622,64233,126136,42902,35063,83858,1370,
equal-time,83,15,legacy,B,6,2,2,101.646000,6,100352,987269.543317,98055,100351,7583,2296,15756,-1220,
equal-time,83,16,optimized,W,7,2,3,100.332542,8,259072,2582133.322208,110246,103863,56131,31593,64301,5110,
equal-time,83,17,legacy,B,8,2,4,100.471791,6,98304,978423.884173,94385,98303,10259,3918,23698,-10370,
equal-time,83,18,optimized,W,12,3,3,100.011042,8,292864,2928316.655275,136589,69102,32905,17747,41811,6050,
equal-time,83,19,legacy,B,0,1,1,0.006459,0,0,0.000000,0,0,0,0,0,99999999,
equal-time,83,20,optimized,W,8,2,4,100.040959,8,259072,2589659.301447,70525,133599,71727,49373,76139,10500,
equal-time,83,21,legacy,B,23,5,4,101.318500,6,98304,970247.289488,95646,98303,7871,2657,17548,-15930,
equal-time,83,22,optimized,W,22,5,3,100.109000,9,275456,2751560.798729,155882,73603,36681,21496,43214,24960,
equal-time,83,23,legacy,B,8,2,4,101.332792,6,96256,949899.811307,94286,96255,6787,1969,16650,-16130,
equal-time,83,24,optimized,W,12,3,3,100.295000,7,257024,2562680.093724,72984,154124,75478,63396,84493,24960,
equal-time,83,25,legacy,B,0,1,1,101.142334,6,98304,971937.230557,93788,98303,11618,4515,16343,-22490,
equal-time,83,26,optimized,W,17,4,3,45.556792,7,139577,3063802.209778,77372,15973,10664,3155,8211,99999990,
equal-time,83,27,legacy,B,22,5,3,0.012625,0,0,0.000000,0,0,0,0,0,99999999,
equal-time,83,28,optimized,W,12,3,3,0.534334,5,1843,3449153.525697,515,1138,1084,804,284,99999992,
equal-time,83,29,legacy,B,12,3,3,0.009375,0,0,0.000000,0,0,0,0,0,99999999,
equal-time,83,30,optimized,W,7,2,3,0.243958,3,634,2598807.991540,259,257,183,110,137,99999994,
equal-time,83,31,legacy,B,7,2,3,0.006916,0,0,0.000000,0,0,0,0,0,99999999,
equal-time,83,32,optimized,W,17,4,3,0.010166,1,33,3246114.499311,24,1,1,0,0,99999996,
equal-time,83,33,legacy,B,22,5,3,0.010208,0,0,0.000000,0,0,0,0,0,99999999,
equal-time,83,34,optimized,W,22,5,3,0.013041,1,42,3220611.916264,0,1,0,0,0,99999998,optimized-win
equal-time,84,5,optimized,B,18,4,4,78.189875,7,249953,3196743.823929,152738,51562,26250,13600,29566,99999990,
equal-time,84,6,legacy,W,4,1,5,100.368208,5,100352,999838.514602,100111,100351,6033,240,16987,240,
equal-time,84,7,optimized,B,4,1,5,0.362667,5,1148,3165438.267060,647,428,352,272,142,99999992,
equal-time,84,8,legacy,W,13,3,4,100.064125,5,102400,1023343.780801,101718,102399,7063,681,14175,740,
equal-time,84,9,optimized,B,6,2,2,0.072334,3,220,3041446.622612,104,116,109,89,29,99999994,
equal-time,84,10,legacy,W,12,3,3,4.258709,4,4333,1017444.488459,4276,4333,324,57,519,99999999,
equal-time,84,11,optimized,B,7,2,3,0.009792,1,27,2757352.941176,24,1,1,0,0,99999996,
equal-time,84,12,legacy,W,5,2,1,0.004959,0,0,0.000000,0,0,0,0,0,-99999999,
equal-time,84,13,optimized,B,9,2,5,0.016875,1,48,2844444.444444,24,1,0,0,0,99999998,optimized-win
equal-time,85,5,legacy,B,18,4,4,101.346417,6,104448,1030603.775563,100338,104447,10526,4109,20319,240,
equal-time,85,6,optimized,W,4,1,5,6.552000,6,19833,3027014.652015,2904,10128,4877,3176,6258,-99999991,
equal-time,85,7,legacy,B,4,1,5,0.005167,0,0,0.000000,0,0,0,0,0,99999999,
equal-time,85,8,optimized,W,3,1,4,0.125334,4,646,5154227.903043,176,447,445,374,59,-99999993,
equal-time,85,9,legacy,B,23,5,4,51.606792,5,52400,1015370.224911,52087,52400,1611,313,5987,99999999,
equal-time,85,10,optimized,W,13,3,4,0.013291,2,51,3837183.056203,1,27,27,24,1,-99999995,
equal-time,85,11,legacy,B,21,5,2,1.945958,3,1922,987688.326264,1900,1922,163,22,158,99999999,
equal-time,85,12,optimized,W,20,5,1,0.008750,1,25,2857142.857143,0,1,0,0,0,-99999997,
equal-time,85,13,legacy,B,24,5,5,0.003917,0,0,0.000000,0,0,0,0,0,99999999,legacy-win
equal-time,86,5,optimized,B,14,3,5,100.020416,7,291840,2917804.301074,129196,88397,36977,23517,55289,460,
equal-time,86,6,legacy,W,11,3,2,101.873875,5,98304,964957.895241,97732,98303,3303,571,13859,-420,
equal-time,86,7,optimized,B,12,3,3,100.275958,7,307200,3063545.900005,138314,79816,37339,20351,49288,650,
equal-time,86,8,legacy,W,13,3,4,101.668417,5,100352,987051.858986,99629,100351,3608,722,11188,-510,
equal-time,86,9,optimized,B,8,2,4,0.195500,3,515,2634271.099744,337,146,97,49,89,99999994,
equal-time,86,10,legacy,W,16,4,2,7.614250,4,7820,1027021.702728,7715,7820,518,105,783,99999999,
equal-time,86,11,optimized,B,18,4,4,0.011416,1,29,2540294.323756,24,1,1,0,0,99999996,
equal-time,86,12,legacy,W,3,1,4,0.004583,0,0,0.000000,0,0,0,0,0,-99999999,
equal-time,86,13,optimized,B,23,5,4,0.014541,1,45,3094697.751186,21,1,0,0,0,99999998,optimized-win
equal-time,87,5,legacy,B,14,3,5,100.840375,6,102400,1015466.275289,97577,102399,7747,4822,16431,-420,
equal-time,87,6,optimized,W,12,3,3,100.339541,7,304128,3030988.551163,140231,93367,40104,26233,57081,440,
equal-time,87,7,legacy,B,5,2,1,100.335375,5,98304,979754.149521,95667,98303,8649,2636,15815,4610,
equal-time,87,8,optimized,W,15,4,1,100.024000,8,287744,2876749.580101,110515,108095,50630,32490,66002,-170,
equal-time,87,9,legacy,B,6,2,2,100.123209,6,102400,1022739.892406,96933,102399,9068,5466,18571,-480,
equal-time,87,10,optimized,W,7,2,3,100.215583,8,286720,2861032.101165,113039,95122,46897,28272,57837,-80,
equal-time,87,11,legacy,B,17,4,3,100.178125,6,100352,1001735.658359,95971,100351,7300,4380,15276,-850,
equal-time,87,12,optimized,W,11,3,2,100.054208,8,243712,2435799.601752,56957,144914,58771,46246,91410,-700,
equal-time,87,13,legacy,B,3,1,4,0.005667,0,0,0.000000,0,0,0,0,0,99999999,
equal-time,87,14,optimized,W,12,3,3,100.247750,7,273408,2727323.057126,111953,102948,41948,30852,63293,1030,
equal-time,87,15,legacy,B,12,3,3,101.837125,5,100352,985416.664109,95931,100351,7873,4420,17839,4580,
equal-time,87,16,optimized,W,17,4,3,100.140167,7,285696,2852961.090029,115709,103888,49837,36613,57971,4780,
equal-time,87,17,legacy,B,7,2,3,100.174041,6,100352,1001776.498165,95558,100351,8233,4793,16698,-1100,
equal-time,87,18,optimized,W,8,2,4,100.180750,7,295936,2954020.607751,97969,122974,68276,52918,60643,-460,
equal-time,87,19,legacy,B,4,1,5,100.582583,6,100352,997707.525566,95254,100351,9080,5097,14400,-1080,
equal-time,87,20,optimized,W,8,2,4,100.083334,8,283648,2834118.215926,87849,130645,73217,56043,65701,-10230,
equal-time,87,21,legacy,B,2,1,3,101.341875,6,102400,1010441.142914,98279,102399,8879,4120,20122,4790,
equal-time,87,22,optimized,W,1,1,2,100.326917,9,278528,2776204.116788,63340,140396,77309,56205,74825,-3470,
equal-time,87,23,legacy,B,17,4,3,101.067542,6,102400,1013183.837003,95557,102399,12307,6842,21383,810,
equal-time,87,24,optimized,W,17,4,3,100.280417,9,312320,3114466.506457,73636,127432,71304,51934,64738,640,
equal-time,87,25,legacy,B,11,3,2,101.565708,6,100352,988050.021765,95631,100351,8951,4720,19766,-4780,
equal-time,87,26,optimized,W,16,4,2,0.351292,3,908,2584744.315270,675,150,110,67,60,99999994,
equal-time,87,27,legacy,B,20,5,1,0.010000,0,0,0.000000,0,0,0,0,0,99999999,
equal-time,87,28,optimized,W,16,4,2,0.011333,1,29,2558898.791141,23,1,1,0,0,99999996,
equal-time,87,29,legacy,B,4,1,5,0.006417,0,0,0.000000,0,0,0,0,0,99999999,
equal-time,87,30,optimized,W,20,5,1,0.017166,1,46,2679715.717115,22,1,1,0,0,99999998,optimized-win
equal-time,88,5,optimized,B,12,3,3,87.486834,7,265616,3036068.261425,168006,47056,23643,10632,27690,99999990,
equal-time,88,6,legacy,W,8,2,4,100.972666,5,102400,1014135.845438,101600,102399,3862,799,12678,-10,
equal-time,88,7,optimized,B,18,4,4,0.314375,3,892,2837375.745527,627,151,90,51,79,99999994,
equal-time,88,8,legacy,W,6,2,2,3.787208,4,4077,1076518.638533,3999,4077,443,78,690,99999999,
equal-time,88,9,optimized,B,16,4,2,0.010375,1,29,2795180.722892,21,1,1,0,0,99999996,
equal-time,88,10,legacy,W,15,4,1,0.007208,0,0,0.000000,0,0,0,0,0,-99999999,
equal-time,88,11,optimized,B,19,4,5,0.015667,1,46,2936107.742388,22,1,1,0,0,99999998,optimized-win
equal-time,89,5,legacy,B,13,3,4,101.742917,6,104448,1026587.433108,98421,104447,11127,6026,21423,-160,
equal-time,89,6,optimized,W,1,1,2,100.096000,7,293888,2936061.381074,126775,83412,32685,19363,54430,50,
equal-time,89,7,legacy,B,3,1,4,100.880708,6,104448,1035361.488541,98308,104447,9614,6139,18121,-150,
equal-time,89,8,optimized,W,18,4,4,100.363541,7,290816,2897625.941675,135408,94958,44136,30652,54818,-20,
equal-time,89,9,legacy,B,12,3,3,100.668459,6,104448,1037544.440806,95625,104447,15815,8822,23758,-110,
equal-time,89,10,optimized,W,7,2,3,100.425833,9,271360,2702093.593787,113380,94523,47661,26487,59177,90,
equal-time,89,11,legacy,B,6,2,2,101.903708,6,104448,1024967.609618,96285,104447,11459,8162,19691,-470,
equal-time,89,12,optimized,W,12,3,3,100.435000,7,262144,2610086.125355,110926,118344,57941,42168,68175,750,
equal-time,89,13,legacy,B,21,5,2,100.819958,5,90112,893791.286840,86307,90111,9419,3804,18328,4570,
equal-time,89,14,optimized,W,9,2,5,100.212625,7,267264,2666969.356406,160943,57569,28626,18572,30276,1040,
equal-time,89,15,legacy,B,12,3,3,101.405459,5,88064,868434.509034,87148,88063,5353,915,10792,4550,
equal-time,89,16,optimized,W,17,4,3,100.454583,8,241664,2405704.078230,84609,123315,63012,44926,71103,-100,
equal-time,89,17,legacy,B,16,4,2,100.433708,6,96256,958403.328094,91596,96255,8596,4659,16006,-5370,
equal-time,89,18,optimized,W,8,2,4,100.259291,8,264192,2635087.455386,86937,117264,56585,45326,63597,630,
equal-time,89,19,legacy,B,23,5,4,101.573292,6,100352,987976.248717,95025,100351,8959,5326,16828,-5990,
equal-time,89,20,optimized,W,22,5,3,100.203000,8,263168,2626348.512520,117159,100303,47842,33566,58616,5720,
equal-time,89,21,legacy,B,7,2,3,100.654709,6,98304,976645.811971,92428,98303,8718,5875,16731,-9190,
equal-time,89,22,optimized,W,16,4,2,100.229375,6,305152,3044536.594187,160687,51113,25784,15205,25590,8520,
equal-time,89,23,legacy,B,8,2,4,100.831167,6,102400,1015559.008655,91860,102399,15911,10539,19155,-15490,
equal-time,89,24,optimized,W,6,2,2,100.072041,8,258048,2578622.334684,87073,104926,51438,32674,64082,19250,
equal-time,89,25,legacy,B,11,3,2,101.104042,5,94208,931792.618143,92300,94207,5597,1907,15892,-4870,
equal-time,89,26,optimized,W,18,4,4,100.507959,7,297984,2964780.132487,136521,61779,26090,13575,38468,28400,
equal-time,89,27,legacy,B,17,4,3,100.870416,6,102400,1015163.851411,96486,102399,9538,5913,21875,-23240,
equal-time,89,28,optimized,W,19,4,5,0.389542,3,1072,2751949.725575,596,188,126,84,80,99999994,
equal-time,89,29,legacy,B,19,4,5,0.009625,0,0,0.000000,0,0,0,0,0,99999999,
equal-time,89,30,optimized,W,14,3,5,0.011083,1,30,2706848.326265,23,1,1,0,0,99999996,
equal-time,89,31,legacy,B,4,1,5,0.005875,0,0,0.000000,0,0,0,0,0,99999999,
equal-time,89,32,optimized,W,24,5,5,0.015541,1,44,2831220.642172,0,1,1,0,0,99999998,optimized-win
equal-time,90,5,optimized,B,12,3,3,57.811583,7,181392,3137641.119428,121028,34303,18240,8231,19798,99999990,
equal-time,90,6,legacy,W,16,4,2,0.006709,0,0,0.000000,0,0,0,0,0,-99999999,
equal-time,90,7,optimized,B,6,2,2,0.872000,5,3374,3869266.055046,1192,1841,1802,1300,438,99999992,
equal-time,90,8,legacy,W,9,2,5,102.032750,5,104448,1023671.321218,104121,104447,9605,326,20321,4390,
equal-time,90,9,optimized,B,17,4,3,0.071166,3,139,1953179.889273,26,99,75,43,60,99999994,
equal-time,90,10,legacy,W,7,2,3,2.248083,4,2249,1000407.903089,2132,2249,706,117,500,99999999,
equal-time,90,11,optimized,B,18,4,4,0.010416,1,27,2592165.898618,24,1,1,0,0,99999996,
equal-time,90,12,legacy,W,0,1,1,0.004500,0,0,0.000000,0,0,0,0,0,-99999999,
equal-time,90,13,optimized,B,24,5,5,0.016875,1,48,2844444.444444,24,1,0,0,0,99999998,optimized-win
equal-time,91,5,legacy,B,17,4,3,101.563167,6,104448,1028404.322996,96947,104447,12609,7500,22118,-260,
equal-time,91,6,optimized,W,12,3,3,100.217500,7,299008,2983590.690249,70024,142302,67510,49517,82748,70,
equal-time,91,7,legacy,B,11,3,2,100.544875,6,100352,998081.702324,95697,100351,8305,4654,17897,-140,
equal-time,91,8,optimized,W,23,5,4,100.016625,7,278528,2784817.024170,123712,90264,38680,25074,56252,-310,
equal-time,91,9,legacy,B,18,4,4,100.352292,6,100352,999997.090251,94231,100351,13273,6120,19699,10,
equal-time,91,10,optimized,W,16,4,2,100.153375,7,251904,2515182.339087,110939,111754,49848,32631,71709,-450,
equal-time,91,11,legacy,B,7,2,3,100.675958,5,98304,976439.677882,96670,98303,4295,1633,10158,4860,
equal-time,91,12,optimized,W,6,2,2,100.137083,7,259072,2587173.425054,113981,94483,42173,29954,56512,-430,
equal-time,91,13,legacy,B,7,2,3,102.100125,5,96256,942760.843829,95713,96255,4746,542,8970,4900,
equal-time,91,14,optimized,W,24,5,5,100.163916,8,267264,2668266.284637,106314,103761,52191,36004,58912,-5360,
equal-time,91,15,legacy,B,22,5,3,0.010250,0,0,0.000000,0,0,0,0,0,99999999,
equal-time,91,16,optimized,W,12,3,3,100.194292,8,263168,2626576.771459,106481,120491,62043,47266,65194,-6240,
equal-time,91,17,legacy,B,15,4,1,100.652959,6,100352,997009.933906,95004,100351,9573,5347,19575,40,
equal-time,91,18,optimized,W,3,1,4,100.057416,8,276480,2763213.473352,131047,83443,37287,27749,46982,-6030,
equal-time,91,19,legacy,B,7,2,3,100.845625,6,100352,995105.142142,95215,100351,9176,5136,19463,30,
equal-time,91,20,optimized,W,7,2,3,100.037792,8,279552,2794463.916197,137698,92585,48254,35936,47700,-9620,
equal-time,91,21,legacy,B,12,3,3,101.760209,6,98304,966035.751754,92832,98303,8940,5471,17461,-560,
equal-time,91,22,optimized,W,2,1,3,100.023625,7,263168,2631058.412450,116039,100761,44844,31048,61447,-260,
equal-time,91,23,legacy,B,5,2,1,101.504584,5,96256,948292.148067,93133,96255,8383,3122,15917,7300,
equal-time,91,24,optimized,W,10,3,1,100.152625,8,271360,2709464.679533,86170,119141,58215,42836,67666,-1280,
equal-time,91,25,legacy,B,1,1,2,100.998833,6,98304,973318.176855,93601,98303,7369,4702,16364,-3990,
equal-time,91,26,optimized,W,11,3,2,100.337791,7,284672,2837136.408554,125905,107833,59620,45953,52687,5170,
equal-time,91,27,legacy,B,6,2,2,100.459292,5,96256,958159.251212,91103,96255,9695,5152,18842,6230,
equal-time,91,28,optimized,W,8,2,4,100.131333,7,274432,2740720.529507,120769,108939,56098,42637,57970,14000,
equal-time,91,29,legacy,B,8,2,4,100.289833,6,98304,980199.059659,93045,98303,9546,5258,17240,-4420,
equal-time,91,30,optimized,W,8,2,4,100.346000,9,289792,2887927.769916,157882,62773,31718,17401,36057,19020,
equal-time,91,31,legacy,B,13,3,4,100.808625,6,98304,975154.655666,93659,98303,9053,4644,17105,-14030,
equal-time,91,32,optimized,W,16,4,2,100.041334,8,247808,2477056.133618,61965,151306,66759,57072,87276,17780,
equal-time,91,33,legacy,B,20,5,1,0.013083,0,0,0.000000,0,0,0,0,0,99999999,
equal-time,91,34,optimized,W,18,4,4,100.070959,8,293888,2936796.078870,86852,119503,63233,47648,62881,17950,
equal-time,91,35,legacy,B,13,3,4,0.011792,0,0,0.000000,0,0,0,0,0,99999999,
equal-time,91,36,optimized,W,17,4,3,100.015958,8,306176,3061271.482297,48132,134773,86449,52469,71344,26550,
equal-time,91,37,legacy,B,15,4,1,0.010875,0,0,0.000000,0,0,0,0,0,99999999,
equal-time,91,38,optimized,W,5,2,1,85.826209,9,256739,2991382.271120,97760,76150,49845,17480,49909,99999988,
equal-time,91,39,legacy,B,23,5,4,0.014000,0,0,0.000000,0,0,0,0,0,99999999,
equal-time,91,40,optimized,W,6,2,2,2.703917,7,13440,4970566.774054,1949,8986,8932,7360,1157,99999990,
equal-time,91,41,legacy,B,8,2,4,0.007875,0,0,0.000000,0,0,0,0,0,99999999,
equal-time,91,42,optimized,W,16,4,2,0.409792,5,1856,4529126.971732,475,1188,1188,939,192,99999992,
equal-time,91,43,legacy,B,16,4,2,0.009333,0,0,0.000000,0,0,0,0,0,99999999,
equal-time,91,44,optimized,W,11,3,2,0.035334,3,166,4698024.565574,23,96,96,87,12,99999994,
equal-time,91,45,legacy,B,6,2,2,0.006042,0,0,0.000000,0,0,0,0,0,99999999,
equal-time,91,46,optimized,W,1,1,2,0.009416,1,32,3398470.688190,21,1,1,0,0,99999996,
equal-time,91,47,legacy,B,1,1,2,0.004667,0,0,0.000000,0,0,0,0,0,99999999,
equal-time,91,48,optimized,W,1,1,2,0.013042,1,40,3067014.261616,0,1,0,0,0,99999998,optimized-win
equal-time,92,5,optimized,B,19,4,5,0.011958,1,30,2508780.732564,26,1,0,0,0,99999996,
equal-time,92,6,legacy,W,4,1,5,0.004583,0,0,0.000000,0,0,0,0,0,-99999999,
equal-time,92,7,optimized,B,24,5,5,0.004083,1,25,6122948.812148,1,1,0,0,0,99999998,optimized-win
equal-time,93,5,legacy,B,19,4,5,0.967083,3,1015,1049547.970546,1015,1015,2,0,94,99999999,
equal-time,93,6,optimized,W,4,1,5,0.005292,1,25,4724111.866969,0,1,0,0,0,-99999997,
equal-time,93,7,legacy,B,24,5,5,0.004292,0,0,0.000000,0,0,0,0,0,99999999,legacy-win
equal-time,94,5,optimized,B,16,4,2,54.547042,7,181756,3332096.358222,70801,38733,18824,8012,24656,99999990,
equal-time,94,6,legacy,W,1,1,2,100.957500,5,100352,994002.426764,99817,100351,5013,534,15479,180,
equal-time,94,7,optimized,B,13,3,4,0.510583,5,2571,5035420.294056,380,1300,1271,984,234,99999992,
equal-time,94,8,legacy,W,14,3,5,101.808208,5,104448,1025929.068509,103789,104447,6261,658,15399,450,
equal-time,94,9,optimized,B,12,3,3,0.166958,3,469,2809089.711185,226,125,119,60,60,99999994,
equal-time,94,10,legacy,W,10,3,1,0.006416,0,0,0.000000,0,0,0,0,0,-99999999,
equal-time,94,11,optimized,B,8,2,4,0.011166,1,31,2776285.151352,24,1,1,0,0,99999996,
equal-time,94,12,legacy,W,4,1,5,0.005042,0,0,0.000000,0,0,0,0,0,-99999999,
equal-time,94,13,optimized,B,20,5,1,0.006250,1,25,4000000.000000,1,1,0,0,0,99999998,optimized-win
equal-time,95,5,legacy,B,16,4,2,101.043666,6,104448,1033691.711067,98718,104447,10462,5729,20658,180,
equal-time,95,6,optimized,W,1,1,2,14.040667,6,45817,3263164.064784,15911,12703,5678,3628,7555,-99999991,
equal-time,95,7,legacy,B,13,3,4,101.978000,6,104448,1024220.910392,99614,104447,9341,4833,19780,450,
equal-time,95,8,optimized,W,12,3,3,0.281959,4,1358,4816303.079526,490,706,687,645,30,-99999993,
equal-time,95,9,legacy,B,17,4,3,17.071208,5,18433,1079771.273363,18104,18433,912,329,1988,99999999,
equal-time,95,10,optimized,W,23,5,4,0.016417,2,51,3106535.907900,1,27,27,24,1,-99999995,
equal-time,95,11,legacy,B,21,5,2,0.626334,3,682,1088875.903272,644,682,198,38,94,99999999,
equal-time,95,12,optimized,W,6,2,2,0.005334,1,25,4686914.135733,0,1,0,0,0,-99999997,
equal-time,95,13,legacy,B,9,2,5,0.001833,0,0,0.000000,0,0,0,0,0,99999999,legacy-win
equal-time,96,5,optimized,B,9,2,5,100.044041,7,305152,3050176.671692,148293,79735,34046,21256,48456,5310,
equal-time,96,6,legacy,W,7,2,3,101.848917,5,102400,1005410.789002,101364,102399,4298,1035,14403,-190,
equal-time,96,7,optimized,B,12,3,3,1.768459,5,5648,3193740.991451,3407,1789,1563,1138,489,99999992,
equal-time,96,8,legacy,W,17,4,3,85.510500,6,88342,1033112.892569,87888,88342,6487,454,11887,99999999,
equal-time,96,9,optimized,B,6,2,2,0.045959,3,148,3220261.537457,52,101,101,90,15,99999994,
equal-time,96,10,legacy,W,8,2,4,0.005333,0,0,0.000000,0,0,0,0,0,-99999999,
equal-time,96,11,optimized,B,18,4,4,0.009458,1,29,3066187.354620,24,1,1,0,0,99999996,
equal-time,96,12,legacy,W,0,1,1,0.004209,0,0,0.000000,0,0,0,0,0,-99999999,
equal-time,96,13,optimized,B,24,5,5,0.016583,1,48,2894530.543328,24,1,0,0,0,99999998,optimized-win
equal-time,97,5,legacy,B,8,2,4,100.818375,6,104448,1036001.621728,98893,104447,9811,5554,18433,150,
equal-time,97,6,optimized,W,9,2,5,100.422709,8,296960,2957100.071857,91192,109549,51020,30160,70048,-5510,
equal-time,97,7,legacy,B,14,3,5,0.007125,0,0,0.000000,0,0,0,0,0,99999999,
equal-time,97,8,optimized,W,17,4,3,100.191125,8,273408,2728864.457805,65580,118806,49998,34061,75361,-5550,
equal-time,97,9,legacy,B,13,3,4,100.617792,5,100352,997358.399596,98218,100351,4971,2133,15565,5760,
equal-time,97,10,optimized,W,18,4,4,100.354542,8,275456,2744828.430386,80688,117954,58173,37045,72396,-5730,
equal-time,97,11,legacy,B,16,4,2,0.007708,0,0,0.000000,0,0,0,0,0,99999999,
equal-time,97,12,optimized,W,11,3,2,100.258583,7,285696,2849591.440964,138720,66748,29437,14441,43009,-960,
equal-time,97,13,legacy,B,5,2,1,100.725417,6,100352,996292.723216,96595,100351,7076,3756,19353,960,
equal-time,97,14,optimized,W,6,2,2,100.068333,9,272384,2721979.989414,106379,114528,63428,42384,63049,-9650,
equal-time,97,15,legacy,B,12,3,3,102.060500,6,104448,1023392.987493,99050,104447,9407,5397,13431,5130,
equal-time,97,16,optimized,W,20,5,1,100.215083,8,259072,2585159.760832,101755,141589,74035,61144,72764,-12270,
equal-time,97,17,legacy,B,12,3,3,101.436541,6,100352,989308.182344,93748,100351,12145,6603,18440,5790,
equal-time,97,18,optimized,W,9,2,5,100.331208,7,265216,2643404.831725,81687,132724,70790,50627,73583,-10210,
equal-time,97,19,legacy,B,12,3,3,102.030834,6,102400,1003618.180755,94637,102399,14177,7762,21601,6680,
equal-time,97,20,optimized,W,12,3,3,100.033875,8,273408,2733154.144034,87985,117595,48471,38503,70424,-21020,
equal-time,97,21,legacy,B,14,3,5,101.758250,6,102400,1006306.613960,93285,102399,13092,9114,19614,6140,
equal-time,97,22,optimized,W,9,2,5,100.009000,7,306176,3061484.466398,81083,141836,79225,60118,71488,-6400,
equal-time,97,23,legacy,B,9,2,5,0.008709,0,0,0.000000,0,0,0,0,0,99999999,
equal-time,97,24,optimized,W,14,3,5,100.075458,7,281600,2813876.704916,98178,116633,54654,38719,68694,-11760,
equal-time,97,25,legacy,B,17,4,3,100.652167,5,96256,956323.175834,93417,96255,6907,2838,15297,20960,
equal-time,97,26,optimized,W,13,3,4,5.433750,6,18340,3375201.288245,11777,2925,2300,1662,702,-99999991,
equal-time,97,27,legacy,B,17,4,3,100.602750,5,98304,977150.227007,96398,98303,4648,1905,10203,26380,
equal-time,97,28,optimized,W,17,4,3,0.288750,4,1002,3470129.870130,314,618,546,456,138,-99999993,
equal-time,97,29,legacy,B,7,2,3,23.519875,5,22538,958253.392078,22108,22538,1009,430,2264,99999999,
equal-time,97,30,optimized,W,7,2,3,0.014042,2,52,3703176.185729,1,27,27,24,1,-99999995,
equal-time,97,31,legacy,B,22,5,3,0.753458,3,750,995410.494016,729,750,149,21,130,99999999,
equal-time,97,32,optimized,W,22,5,3,0.008458,1,25,2955781.508631,0,1,0,0,0,-99999997,
equal-time,97,33,legacy,B,22,5,3,0.004416,0,0,0.000000,0,0,0,0,0,99999999,legacy-win
equal-time,98,5,optimized,B,1,1,2,100.146500,6,319488,3190206.347701,168666,59668,25466,12474,36801,10,
equal-time,98,6,legacy,W,4,1,5,101.264167,5,102400,1011216.534275,101843,102399,2728,556,12278,-10,
equal-time,98,7,optimized,B,3,1,4,100.095875,7,305152,3048597.157475,132432,80289,32771,20088,50207,4780,
equal-time,98,8,legacy,W,16,4,2,100.321833,5,100352,1000300.702241,99407,100351,4217,944,15076,-480,
equal-time,98,9,optimized,B,18,4,4,100.052500,9,282624,2824757.002574,57062,121048,57024,33563,77793,4850,
equal-time,98,10,legacy,W,12,3,3,100.049125,6,104448,1043967.151137,99645,104447,12840,4802,23754,4720,
equal-time,98,11,optimized,B,8,2,4,100.476208,12,271360,2700738.865464,78123,109907,51056,27632,73853,-840,
equal-time,98,12,legacy,W,13,3,4,0.006750,0,0,0.000000,0,0,0,0,0,-99999999,
equal-time,98,13,optimized,B,2,1,3,100.170542,11,257024,2565864.124006,74115,120161,59667,37677,74044,1210,
equal-time,98,14,legacy,W,0,1,1,0.004250,0,0,0.000000,0,0,0,0,0,-99999999,
equal-time,98,15,optimized,B,11,3,2,100.268333,10,236544,2359109.730088,54706,129720,54906,33151,89345,-550,
equal-time,98,16,legacy,W,9,2,5,100.664792,5,94208,935858.487643,94076,94207,4202,131,15375,-4550,
equal-time,98,17,optimized,B,21,5,2,100.337000,9,238592,2377906.455246,53027,112959,45517,30699,74615,2030,
equal-time,98,18,legacy,W,12,3,3,101.271209,5,96256,950477.445174,95718,96255,3505,537,11217,-1020,
equal-time,98,19,optimized,B,2,1,3,100.301750,8,285696,2848365.058436,104034,76359,36848,17099,49771,-520,
equal-time,98,20,legacy,W,12,3,3,101.114125,5,94208,931699.700709,93748,94207,5220,459,18244,-9740,
equal-time,98,21,optimized,B,12,3,3,100.291292,10,302080,3012026.208616,88250,77995,29887,19186,48166,3860,
equal-time,98,22,legacy,W,14,3,5,101.592000,5,96256,947476.179227,95862,96255,3850,393,12662,-6040,
equal-time,98,23,optimized,B,19,4,5,100.396583,9,281600,2804876.337275,122850,77725,32688,19186,50726,13720,
equal-time,98,24,legacy,W,1,1,2,101.580500,5,96256,947583.443673,95474,96255,5696,781,13583,-520,
equal-time,98,25,optimized,B,2,1,3,100.175708,8,263168,2627064.038320,99182,102548,44369,30722,64943,13130,
equal-time,98,26,legacy,W,2,1,3,0.007375,0,0,0.000000,0,0,0,0,0,-99999999,
equal-time,98,27,optimized,B,3,1,4,13.682166,7,51472,3761977.452985,21078,18471,17486,13001,3852,99999990,
equal-time,98,28,legacy,W,3,1,4,0.006917,0,0,0.000000,0,0,0,0,0,-99999999,
equal-time,98,29,optimized,B,1,1,2,0.452209,5,2340,5174598.471061,313,1659,1655,1361,228,99999992,
equal-time,98,30,legacy,W,22,5,3,100.248417,5,96256,960174.762660,95781,96255,6194,474,15545,8710,
equal-time,98,31,optimized,B,7,2,3,0.048833,3,169,3460774.476276,24,99,99,90,12,99999994,
equal-time,98,32,legacy,W,15,4,1,0.008292,0,0,0.000000,0,0,0,0,0,-99999999,
equal-time,98,33,optimized,B,0,1,1,0.010500,1,30,2857142.857143,22,1,1,0,0,99999996,
equal-time,98,34,legacy,W,0,1,1,0.005166,0,0,0.000000,0,0,0,0,0,-99999999,
equal-time,98,35,optimized,B,0,1,1,0.026041,1,82,3148880.611344,19,1,0,0,0,99999998,optimized-win
equal-time,99,5,legacy,B,1,1,2,101.717959,5,102400,1006705.217119,98450,102399,8706,3949,19372,5040,
equal-time,99,6,optimized,W,2,1,3,100.293000,7,294912,2940504.322336,134154,87049,37347,22996,54426,-70,
equal-time,99,7,legacy,B,13,3,4,101.267625,6,104448,1031405.644203,98070,104447,11604,6377,19293,-190,
equal-time,99,8,optimized,W,18,4,4,100.170166,7,279552,2790771.056524,92307,105269,43505,28057,68104,-20,
equal-time,99,9,legacy,B,16,4,2,101.944334,6,104448,1024559.148133,99100,104447,8512,5347,15630,10,
equal-time,99,10,optimized,W,11,3,2,100.351625,7,278528,2775520.575775,74028,125985,59600,41716,75156,110,
equal-time,99,11,legacy,B,7,2,3,100.913083,6,100352,994439.937981,94657,100351,12052,5694,20105,-10,
equal-time,99,12,optimized,W,19,4,5,100.047666,7,296960,2968185.184850,161961,72514,35156,20694,42135,130,
equal-time,99,13,legacy,B,1,1,2,100.013666,5,96256,962428.474525,94912,96255,5452,1343,9385,5030,
equal-time,99,14,optimized,W,9,2,5,100.289167,7,282624,2818091.010767,124346,96382,42714,26813,60946,490,
equal-time,99,15,legacy,B,1,1,2,100.611291,5,96256,956711.707436,94630,96255,4783,1625,14127,5280,
equal-time,99,16,optimized,W,1,1,2,100.438084,8,300032,2987233.408395,109374,106768,45877,32566,64480,0,
equal-time,99,17,legacy,B,14,3,5,100.759916,4,94208,934974.975565,93606,94207,2245,601,8279,-850,
equal-time,99,18,optimized,W,2,1,3,100.162083,7,287744,2872783.705986,135565,105336,53609,40437,55836,4710,
equal-time,99,19,legacy,B,2,1,3,100.769917,6,96256,955205.708862,92386,96255,7877,3869,16940,-720,
equal-time,99,20,optimized,W,13,3,4,100.236625,7,291840,2911510.637953,156022,85408,41942,29884,46028,5130,
equal-time,99,21,legacy,B,0,1,1,101.357875,5,96256,949664.739913,93187,96255,7883,3068,15413,4040,
equal-time,99,22,optimized,W,17,4,3,100.412291,7,301056,2998198.696612,187399,71417,36148,23095,38563,9870,
equal-time,99,23,legacy,B,17,4,3,100.716625,6,96256,955711.135078,90961,96255,10430,5294,17164,-4900,
equal-time,99,24,optimized,W,17,4,3,2.770458,5,8233,2971710.814602,5694,1338,1060,610,490,99999992,
equal-time,99,25,legacy,B,9,2,5,101.781000,6,98304,965838.417779,93150,98303,12672,5153,18826,-5340,
equal-time,99,26,optimized,W,12,3,3,0.494834,3,1265,2556412.857645,913,228,110,45,154,99999994,
equal-time,99,27,legacy,B,12,3,3,3.610833,4,3699,1024417.357435,3465,3699,385,234,636,-99999999,
equal-time,99,28,optimized,W,12,3,3,0.011791,1,28,2374692.562124,23,1,1,0,0,99999996,
equal-time,99,29,legacy,B,7,2,3,0.006917,0,0,0.000000,0,0,0,0,0,99999999,
equal-time,99,30,optimized,W,7,2,3,0.031042,1,86,2770440.048966,19,1,0,0,0,99999998,optimized-win
