scenario,game,ply,engine,side,move,move_row,move_col,elapsed_ms,depth,nodes,nps,evaluations,tt_probes,tt_hits,tt_cutoffs,beta_cutoffs,score,result
equal-depth,0,5,optimized,B,13,3,4,0.041500,1,29,698795.180723,25,1,0,0,0,99999996,
equal-depth,0,6,legacy,W,10,3,1,0.015500,0,0,0.000000,0,0,0,0,0,-99999999,
equal-depth,0,7,optimized,B,14,3,5,0.037417,1,48,1282839.351097,24,1,0,0,0,99999998,optimized-win
equal-depth,1,5,legacy,B,13,3,4,2.373500,3,1051,442805.982726,1051,1051,2,0,94,99999999,
equal-depth,1,6,optimized,W,10,3,1,0.014334,1,15,1046462.955211,0,1,0,0,0,-99999997,
equal-depth,1,7,legacy,B,14,3,5,0.005250,0,0,0.000000,0,0,0,0,0,99999999,legacy-win
equal-depth,2,5,optimized,B,21,5,2,10.025500,5,15413,1537379.681811,8292,2979,1237,519,1979,690,
equal-depth,2,6,legacy,W,17,4,3,16.928459,5,10641,628586.453144,10545,10641,1318,96,2794,-180,
equal-depth,2,7,optimized,B,11,3,2,5.971000,5,12349,2068162.786803,7186,2787,1277,470,1932,99999992,
equal-depth,2,8,legacy,W,6,2,2,0.007167,0,0,0.000000,0,0,0,0,0,-99999999,
equal-depth,2,9,optimized,B,12,3,3,0.143666,3,281,1955925.549539,156,123,122,64,60,99999994,
equal-depth,2,10,legacy,W,8,2,4,13.071667,4,10753,822618.874854,10750,10753,253,3,1001,99999999,
equal-depth,2,11,optimized,B,13,3,4,0.013833,1,29,2096436.058700,24,1,1,0,0,99999996,
equal-depth,2,12,legacy,W,10,3,1,0.007750,0,0,0.000000,0,0,0,0,0,-99999999,
equal-depth,2,13,optimized,B,14,3,5,0.020083,1,48,2390081.163173,24,1,0,0,0,99999998,optimized-win
equal-depth,3,5,legacy,B,21,5,2,31.037833,5,29175,939981.860203,28910,29175,707,265,3091,5110,
equal-depth,3,6,optimized,W,17,4,3,7.627458,5,23425,3071141.132472,13321,4805,1833,1023,3003,180,
equal-depth,3,7,legacy,B,11,3,2,23.590625,5,25069,1062667.903034,24697,25069,1422,372,2683,9630,
equal-depth,3,8,optimized,W,6,2,2,0.326417,4,1121,3434257.406937,672,391,342,264,96,-99999993,
equal-depth,3,9,legacy,B,12,3,3,26.783209,5,27783,1037329.022075,27549,27783,795,234,2298,99999999,
equal-depth,3,10,optimized,W,8,2,4,0.022291,2,81,3633753.532816,50,27,27,23,1,-99999995,
equal-depth,3,11,legacy,B,13,3,4,0.340625,3,388,1139082.568807,347,388,194,41,108,99999999,
equal-depth,3,12,optimized,W,10,3,1,0.006167,1,25,4053834.927842,0,1,0,0,0,-99999997,
equal-depth,3,13,legacy,B,14,3,5,0.002750,0,0,0.000000,0,0,0,0,0,99999999,legacy-win
equal-depth,4,5,optimized,B,23,5,4,0.011000,1,32,2909090.909091,26,1,0,0,0,99999996,
equal-depth,4,6,legacy,W,20,5,1,0.006500,0,0,0.000000,0,0,0,0,0,-99999999,
equal-depth,4,7,optimized,B,24,5,5,0.014125,1,48,3398230.088496,24,1,0,0,0,99999998,optimized-win
equal-depth,5,5,legacy,B,23,5,4,0.818250,3,895,1093797.739077,895,895,2,0,72,99999999,
equal-depth,5,6,optimized,W,20,5,1,0.011292,1,25,2213956.783564,0,1,0,0,0,-99999997,
equal-depth,5,7,legacy,B,24,5,5,0.003792,0,0,0.000000,0,0,0,0,0,99999999,legacy-win
equal-depth,6,5,optimized,B,12,3,3,6.124167,5,19686,3214477.985333,12268,3946,1543,868,2433,550,
equal-depth,6,6,legacy,W,13,3,4,9.072709,5,9207,1014801.643037,9123,9207,764,84,2242,-440,
equal-depth,6,7,optimized,B,12,3,3,7.456834,5,23190,3109898.919568,14250,4934,2033,1302,2872,1070,
equal-depth,6,8,legacy,W,8,2,4,17.174916,5,18037,1050194.364852,17475,18037,1795,562,3667,-4810,
equal-depth,6,9,optimized,B,12,3,3,0.875791,4,2657,3033828.847293,455,1380,766,591,711,-99999993,
equal-depth,6,10,legacy,W,12,3,3,0.005791,0,0,0.000000,0,0,0,0,0,-99999999,
equal-depth,6,11,optimized,B,16,4,2,0.019458,2,81,4162812.210916,49,27,27,23,1,-99999995,
equal-depth,6,12,legacy,W,18,4,4,0.421666,3,445,1055337.636897,445,445,26,0,48,-99999999,
equal-depth,6,13,optimized,B,3,1,4,0.004500,1,25,5555555.555556,0,1,0,0,0,-99999997,
equal-depth,6,14,legacy,W,23,5,4,0.004083,0,0,0.000000,0,0,0,0,0,-99999999,legacy-win
equal-depth,7,5,legacy,B,12,3,3,28.154584,5,29525,1048674.702492,29137,29525,709,388,2719,4900,
equal-depth,7,6,optimized,W,13,3,4,4.251042,5,13341,3138289.388813,7572,2846,1194,504,1892,-10,
equal-depth,7,7,legacy,B,12,3,3,41.785667,5,43521,1041529.383748,43085,43521,1347,436,4379,5080,
equal-depth,7,8,optimized,W,8,2,4,3.152917,5,8552,2712408.858210,2950,4444,2242,1581,2595,99999992,
equal-depth,7,9,legacy,B,12,3,3,16.859875,5,18096,1073317.566115,17573,18096,1010,523,1887,5270,
equal-depth,7,10,optimized,W,12,3,3,0.038916,3,167,4291294.069277,50,99,99,90,12,99999994,
equal-depth,7,11,legacy,B,18,4,4,17.189458,5,18543,1078742.564193,17939,18543,1067,604,1882,-99999999,
equal-depth,7,12,optimized,W,7,2,3,0.009250,1,27,2918918.918919,24,1,1,0,0,99999996,
equal-depth,7,13,legacy,B,5,2,1,0.004750,0,0,0.000000,0,0,0,0,0,99999999,
equal-depth,7,14,optimized,W,9,2,5,0.014333,1,46,3209376.962255,22,1,0,0,0,99999998,optimized-win
equal-depth,8,5,optimized,B,12,3,3,6.337583,5,21126,3333447.467276,14472,3327,1524,673,1984,99999992,
equal-depth,8,6,legacy,W,0,1,1,10.952208,5,11345,1035864.183734,11205,11345,1601,140,2754,4620,
equal-depth,8,7,optimized,B,16,4,2,0.214041,3,706,3298433.477698,479,122,106,78,30,99999994,
equal-depth,8,8,legacy,W,11,3,2,0.005708,0,0,0.000000,0,0,0,0,0,-99999999,
equal-depth,8,9,optimized,B,8,2,4,0.009375,1,29,3093333.333333,24,1,1,0,0,99999996,
equal-depth,8,10,legacy,W,4,1,5,0.004541,0,0,0.000000,0,0,0,0,0,-99999999,
equal-depth,8,11,optimized,B,20,5,1,0.014667,1,43,2931751.551101,19,1,0,0,0,99999998,optimized-win
equal-depth,9,5,legacy,B,12,3,3,34.847916,5,37037,1062818.218455,36696,37037,1138,341,4528,10220,
equal-depth,9,6,optimized,W,18,4,4,1.363916,4,4571,3351379.410462,2018,1554,815,610,808,-99999993,
equal-depth,9,7,legacy,B,16,4,2,30.077875,5,31241,1038670.451287,30864,31241,890,377,3128,99999999,
equal-depth,9,8,optimized,W,11,3,2,0.017250,2,77,4463768.115942,25,27,27,24,0,-99999995,
equal-depth,9,9,legacy,B,8,2,4,1.597500,3,1630,1020344.287950,1600,1630,152,30,134,99999999,
equal-depth,9,10,optimized,W,4,1,5,0.004625,1,25,5405405.405405,0,1,0,0,0,-99999997,
equal-depth,9,11,legacy,B,20,5,1,0.003500,0,0,0.000000,0,0,0,0,0,99999999,legacy-win
equal-depth,10,5,optimized,B,12,3,3,7.455291,5,23220,3114566.554143,15138,4129,1254,477,2900,620,
equal-depth,10,6,legacy,W,23,5,4,10.216916,5,10375,1015472.770844,10367,10375,1294,8,2403,-180,
equal-depth,10,7,optimized,B,22,5,3,1.349500,5,3645,2701000.370508,1671,1155,376,169,880,740,
equal-depth,10,8,legacy,W,17,4,3,8.696291,5,8956,1029864.341016,8814,8956,991,142,2298,170,
equal-depth,10,9,optimized,B,8,2,4,4.929792,5,15665,3177618.852885,10373,2076,1020,299,1284,99999992,
equal-depth,10,10,legacy,W,16,4,2,0.006459,0,0,0.000000,0,0,0,0,0,-99999999,
equal-depth,10,11,optimized,B,13,3,4,0.068542,3,257,3749525.838172,87,116,116,79,38,99999994,
equal-depth,10,12,legacy,W,3,1,4,0.004459,0,0,0.000000,0,0,0,0,0,-99999999,
equal-depth,10,13,optimized,B,11,3,2,0.009834,1,30,3050640.634533,21,1,1,0,0,99999996,
equal-depth,10,14,legacy,W,10,3,1,0.005750,0,0,0.000000,0,0,0,0,0,-99999999,
equal-depth,10,15,optimized,B,14,3,5,0.014708,1,46,3127549.632853,22,1,0,0,0,99999998,optimized-win
equal-depth,11,5,legacy,B,12,3,3,33.125875,5,34652,1046070.481157,34059,34652,1109,593,3849,5090,
equal-depth,11,6,optimized,W,23,5,4,4.145791,5,12891,3109418.685119,6127,3245,1369,537,2300,-120,
equal-depth,11,7,legacy,B,22,5,3,0.006792,0,0,0.000000,0,0,0,0,0,99999999,
equal-depth,11,8,optimized,W,17,4,3,4.413084,5,14120,3199576.531967,6726,3252,1238,461,2343,-420,
equal-depth,11,9,legacy,B,8,2,4,34.111958,5,35930,1053296.325001,35800,35930,947,130,4104,10180,
equal-depth,11,10,optimized,W,16,4,2,0.343417,4,1186,3453527.344307,530,402,320,265,107,-99999993,
equal-depth,11,11,legacy,B,13,3,4,22.973792,5,23759,1034178.423832,23479,23759,861,280,2365,99999999,
equal-depth,11,12,optimized,W,3,1,4,0.007666,2,51,6652752.413253,1,27,27,24,1,-99999995,
equal-depth,11,13,legacy,B,11,3,2,0.213833,3,252,1178489.756025,211,252,151,41,72,99999999,
equal-depth,11,14,optimized,W,10,3,1,0.006166,1,25,4054492.377554,0,1,0,0,0,-99999997,
equal-depth,11,15,legacy,B,14,3,5,0.002917,0,0,0.000000,0,0,0,0,0,99999999,legacy-win
equal-depth,12,5,optimized,B,16,4,2,7.216334,5,22863,3168229.186731,13478,4909,1809,1114,3105,640,
equal-depth,12,6,legacy,W,9,2,5,14.923458,5,15389,1031195.316796,15087,15389,1488,302,3270,-160,
equal-depth,12,7,optimized,B,14,3,5,1.891458,5,5301,2802599.899125,2692,1381,444,191,1034,640,
equal-depth,12,8,legacy,W,13,3,4,19.796084,5,19580,989084.507825,19422,19580,1192,158,3244,-170,
equal-depth,12,9,optimized,B,7,2,3,4.417792,5,12583,2848255.418091,5143,3394,995,392,2603,850,
equal-depth,12,10,legacy,W,17,4,3,11.399166,5,11328,993756.911690,11016,11328,988,312,2441,-4410,
equal-depth,12,11,optimized,B,21,5,2,1.328708,5,3825,2878736.336351,1474,1082,392,195,768,850,
equal-depth,12,12,legacy,W,11,3,2,7.396708,5,7395,999769.086464,7051,7395,1006,344,1953,10,
equal-depth,12,13,optimized,B,12,3,3,2.037583,5,5660,2777800.953384,1643,2328,1164,599,1540,920,
equal-depth,12,14,legacy,W,8,2,4,10.475292,5,10387,991571.404406,10020,10387,1334,367,2589,30,
equal-depth,12,15,optimized,B,18,4,4,4.132750,5,12572,3042042.223701,6479,2059,988,264,1398,930,
equal-depth,12,16,legacy,W,6,2,2,0.005667,0,0,0.000000,0,0,0,0,0,-99999999,
equal-depth,12,17,optimized,B,12,3,3,6.000834,5,16813,2801777.219633,8852,3261,1284,567,2164,1350,
equal-depth,12,18,legacy,W,5,2,1,9.028250,5,8658,958989.837455,8625,8658,855,33,1981,280,
equal-depth,12,19,optimized,B,23,5,4,2.019500,5,5426,2686803.664273,2618,2289,1519,932,1207,5750,
equal-depth,12,20,legacy,W,12,3,3,14.404250,5,13614,945137.719770,13475,13614,917,139,2363,460,
equal-depth,12,21,optimized,B,17,4,3,10.893333,5,30669,2815391.763017,18916,6684,3281,2042,3679,10190,
equal-depth,12,22,legacy,W,18,4,4,12.130916,5,11205,923673.035078,11052,11205,885,153,2261,500,
equal-depth,12,23,optimized,B,7,2,3,7.308625,5,20379,2788349.381724,13048,3016,1367,631,1727,11730,
equal-depth,12,24,legacy,W,20,5,1,39.023750,5,36747,941657.324065,36609,36747,2377,138,4587,9970,
equal-depth,12,25,optimized,B,8,2,4,7.668458,5,20703,2699760.499438,12020,3451,1045,395,2456,25800,
equal-depth,12,26,legacy,W,6,2,2,32.048583,5,31398,979700.100937,31232,31398,3615,166,5186,15540,
equal-depth,12,27,optimized,B,16,4,2,4.562583,5,13466,2951398.363602,7018,2107,989,324,1385,26160,
equal-depth,12,28,legacy,W,20,5,1,0.010084,0,0,0.000000,0,0,0,0,0,-99999999,
equal-depth,12,29,optimized,B,7,2,3,5.180625,5,15556,3002726.505007,5635,2597,765,214,1882,26160,
equal-depth,12,30,legacy,W,7,2,3,0.007875,0,0,0.000000,0,0,0,0,0,-99999999,
equal-depth,12,31,optimized,B,16,4,2,2.756750,5,7810,2833046.159427,3422,2189,1111,469,1467,26580,
equal-depth,12,32,legacy,W,16,4,2,0.009500,0,0,0.000000,0,0,0,0,0,-99999999,
equal-depth,12,33,optimized,B,17,4,3,1.159750,5,3314,2857512.394913,1220,1547,952,646,812,27340,
equal-depth,12,34,legacy,W,17,4,3,16.096167,5,15082,936993.260569,14922,15082,1908,160,3416,20610,
equal-depth,12,35,optimized,B,18,4,4,0.257458,3,823,3196637.898220,485,193,169,125,50,99999994,
equal-depth,12,36,legacy,W,18,4,4,0.008583,0,0,0.000000,0,0,0,0,0,-99999999,
equal-depth,12,37,optimized,B,19,4,5,0.009375,1,30,3200000.000000,22,1,1,0,0,99999996,
equal-depth,12,38,legacy,W,19,4,5,0.008250,0,0,0.000000,0,0,0,0,0,-99999999,
equal-depth,12,39,optimized,B,19,4,5,0.006875,1,24,3490909.090909,0,1,0,0,0,99999998,optimized-win
equal-depth,13,5,legacy,B,6,2,2,30.277708,5,31006,1024053.736168,30572,31006,1006,434,3111,5060,
equal-depth,13,6,optimized,W,9,2,5,5.846916,5,19374,3313541.703011,11863,2883,995,281,1973,160,
equal-depth,13,7,legacy,B,14,3,5,0.006166,0,0,0.000000,0,0,0,0,0,99999999,
equal-depth,13,8,optimized,W,18,4,4,5.474500,5,17871,3264407.708467,7759,4193,1444,652,2956,-10,
equal-depth,13,9,legacy,B,5,2,1,56.348000,5,56960,1010861.077589,56725,56960,1199,235,5848,5570,
equal-depth,13,10,optimized,W,10,3,1,1.619625,5,4617,2850659.874971,2003,1184,425,203,842,-160,
equal-depth,13,11,legacy,B,16,4,2,52.348583,5,52537,1003599.276030,52184,52537,1522,353,4911,9840,
equal-depth,13,12,optimized,W,21,5,2,0.639250,4,1990,3113023.073915,565,1059,668,583,412,-99999993,
equal-depth,13,13,legacy,B,11,3,2,46.850417,5,47068,1004644.206262,46871,47068,1005,197,4601,99999999,
equal-depth,13,14,optimized,W,1,1,2,0.008958,2,51,5693235.097120,1,27,27,24,1,-99999995,
equal-depth,13,15,legacy,B,7,2,3,1.160084,3,1162,1001651.604539,1142,1162,193,20,103,99999999,
equal-depth,13,16,optimized,W,3,1,4,0.004500,1,25,5555555.555556,0,1,0,0,0,-99999997,
equal-depth,13,17,legacy,B,8,2,4,0.001625,0,0,0.000000,0,0,0,0,0,99999999,legacy-win
equal-depth,14,5,optimized,B,17,4,3,4.101209,5,12233,2982778.980540,6946,2678,1105,393,1901,430,
equal-depth,14,6,legacy,W,13,3,4,8.635208,5,8821,1021515.636913,8671,8821,839,150,2092,-520,
equal-depth,14,7,optimized,B,11,3,2,1.981084,5,5502,2777267.395022,1308,2460,1279,606,1672,290,
equal-depth,14,8,legacy,W,19,4,5,13.296000,5,13563,1020081.227437,13353,13563,1320,210,2634,-610,
equal-depth,14,9,optimized,B,1,1,2,1.420666,5,4170,2935243.047979,1597,1120,340,148,843,110,
equal-depth,14,10,legacy,W,8,2,4,14.857417,5,15103,1016529.320002,14645,15103,1386,458,2969,-9920,
equal-depth,14,11,optimized,B,16,4,2,0.707084,5,1579,2233115.160292,34,1438,991,465,913,40,
equal-depth,14,12,legacy,W,6,2,2,0.005833,0,0,0.000000,0,0,0,0,0,-99999999,
equal-depth,14,13,optimized,B,5,2,1,0.130667,5,225,1721934.382820,26,180,130,3,168,940,
equal-depth,14,14,legacy,W,23,5,4,0.009041,0,0,0.000000,0,0,0,0,0,-99999999,
equal-depth,14,15,optimized,B,18,4,4,0.438584,5,1080,2462470.131149,764,284,183,49,200,1480,
equal-depth,14,16,legacy,W,15,4,1,0.007875,0,0,0.000000,0,0,0,0,0,-99999999,
equal-depth,14,17,optimized,B,11,3,2,8.373291,5,24316,2903995.573544,13062,6394,2962,2120,3472,5340,
equal-depth,14,18,legacy,W,7,2,3,20.129916,5,19325,960013.941439,19078,19325,1272,247,3291,10,
equal-depth,14,19,optimized,B,11,3,2,4.285625,5,12558,2930261.047105,7858,2558,1312,640,1494,6280,
equal-depth,14,20,legacy,W,11,3,2,0.008250,0,0,0.000000,0,0,0,0,0,-99999999,
equal-depth,14,21,optimized,B,7,2,3,3.709917,5,13285,3580942.646426,3459,3339,2107,1358,1522,5830,
equal-depth,14,22,legacy,W,6,2,2,11.730417,5,11297,963051.867636,10970,11297,1342,327,2246,810,
equal-depth,14,23,optimized,B,8,2,4,4.868291,5,14737,3027140.325013,8441,3859,2466,1433,1940,14370,
equal-depth,14,24,legacy,W,12,3,3,9.962875,5,9557,959261.257418,9322,9557,1108,235,1982,4120,
equal-depth,14,25,optimized,B,6,2,2,3.983000,5,12279,3082852.121516,6843,2291,1194,616,1287,9370,
equal-depth,14,26,legacy,W,6,2,2,0.007041,0,0,0.000000,0,0,0,0,0,-99999999,
equal-depth,14,27,optimized,B,12,3,3,4.582917,5,13561,2959032.424109,6130,4126,2331,1440,2255,5480,
equal-depth,14,28,legacy,W,8,2,4,8.572666,5,8198,956295.276172,7945,8198,1095,253,1847,-3740,
equal-depth,14,29,optimized,B,18,4,4,2.932250,5,8370,2854463.296104,2849,3247,1777,1093,1877,16670,
equal-depth,14,30,legacy,W,18,4,4,7.353709,5,7201,979233.744495,6876,7201,1201,325,1763,1780,
equal-depth,14,31,optimized,B,17,4,3,0.226959,3,709,3123912.248468,432,158,143,98,44,99999994,
equal-depth,14,32,legacy,W,17,4,3,14.426417,4,14964,1037263.791834,14932,14964,735,32,1811,99999999,
equal-depth,14,33,optimized,B,16,4,2,0.016208,1,33,2036031.589339,23,1,1,0,0,99999996,
equal-depth,14,34,legacy,W,15,4,1,0.008334,0,0,0.000000,0,0,0,0,0,-99999999,
equal-depth,14,35,optimized,B,19,4,5,0.015000,1,40,2666666.666667,16,1,0,0,0,99999998,optimized-win
equal-depth,15,5,legacy,B,22,5,3,29.510750,5,30274,1025863.456537,29770,30274,905,504,3295,600,
equal-depth,15,6,optimized,W,16,4,2,6.161125,5,17809,2890543.528982,7874,5114,1691,954,3589,630,
equal-depth,15,7,legacy,B,21,5,2,26.886708,5,27388,1018644.603125,26944,27388,1164,444,3799,4430,
equal-depth,15,8,optimized,W,23,5,4,0.981666,5,2564,2611886.323862,885,867,256,106,693,560,
equal-depth,15,9,legacy,B,17,4,3,17.761542,5,18076,1017704.431293,17546,18076,1169,530,2013,-340,
equal-depth,15,10,optimized,W,13,3,4,0.660792,5,1758,2660443.831039,117,938,441,253,628,99999992,
equal-depth,15,11,legacy,B,19,4,5,18.050083,5,18436,1021380.344899,17853,18436,1225,583,2270,-10130,
equal-depth,15,12,optimized,W,14,3,5,0.035875,3,166,4627177.700348,26,99,99,90,12,99999994,
equal-depth,15,13,legacy,B,11,3,2,0.006083,0,0,0.000000,0,0,0,0,0,99999999,
equal-depth,15,14,optimized,W,8,2,4,0.009250,1,28,3027027.027027,24,1,1,0,0,99999996,
equal-depth,15,15,legacy,B,4,1,5,0.004791,0,0,0.000000,0,0,0,0,0,99999999,
equal-depth,15,16,optimized,W,18,4,4,0.008542,1,23,2692577.850620,0,1,0,0,0,99999998,optimized-win
equal-depth,16,5,optimized,B,1,1,2,0.010167,1,29,2852365.496213,25,1,0,0,0,99999996,
equal-depth,16,6,legacy,W,0,1,1,0.003708,0,0,0.000000,0,0,0,0,0,-99999999,
equal-depth,16,7,optimized,B,4,1,5,0.014291,1,48,3358757.259814,24,1,0,0,0,99999998,optimized-win
equal-depth,17,5,legacy,B,1,1,2,0.874125,3,970,1109681.109681,970,970,2,0,93,99999999,
equal-depth,17,6,optimized,W,0,1,1,0.003125,1,15,4800000.000000,0,1,0,0,0,-99999997,
equal-depth,17,7,legacy,B,4,1,5,0.000750,0,0,0.000000,0,0,0,0,0,99999999,legacy-win
equal-depth,18,5,optimized,B,17,4,3,3.558666,5,10437,2932840.564414,4830,3570,1730,1015,2231,99999992,
equal-depth,18,6,legacy,W,18,4,4,0.007583,0,0,0.000000,0,0,0,0,0,-99999999,
equal-depth,18,7,optimized,B,12,3,3,0.080667,3,215,2665278.242652,99,123,123,66,60,99999994,
equal-depth,18,8,legacy,W,8,2,4,4.225625,4,4838,1144919.390623,4838,4838,275,0,867,99999999,
equal-depth,18,9,optimized,B,7,2,3,0.011000,1,29,2636363.636364,24,1,1,0,0,99999996,
equal-depth,18,10,legacy,W,2,1,3,0.004542,0,0,0.000000,0,0,0,0,0,-99999999,
equal-depth,18,11,optimized,B,22,5,3,0.015125,1,48,3173553.719008,24,1,0,0,0,99999998,optimized-win
equal-depth,19,5,legacy,B,17,4,3,18.922583,5,19834,1048165.570208,19585,19834,419,249,1475,9610,
equal-depth,19,6,optimized,W,18,4,4,0.395708,4,1284,3244816.885178,764,469,369,259,173,-99999993,
equal-depth,19,7,legacy,B,12,3,3,23.224375,5,24328,1047520.116257,24093,24328,746,235,2105,99999999,
equal-depth,19,8,optimized,W,8,2,4,0.024417,2,81,3317360.855142,50,27,27,23,1,-99999995,
equal-depth,19,9,legacy,B,7,2,3,0.489958,3,527,1075602.398573,487,527,194,40,112,99999999,
equal-depth,19,10,optimized,W,2,1,3,0.004208,1,25,5941064.638783,0,1,0,0,0,-99999997,
equal-depth,19,11,legacy,B,22,5,3,0.003666,0,0,0.000000,0,0,0,0,0,99999999,legacy-win
equal-depth,20,5,optimized,B,11,3,2,6.262959,5,21755,3473597.703577,15468,2984,1129,374,1874,99999992,
equal-depth,20,6,legacy,W,12,3,3,13.172167,5,14197,1077802.915800,14019,14197,1284,178,2751,80,
equal-depth,20,7,optimized,B,15,4,1,0.289125,3,857,2964115.866840,596,125,83,47,59,99999994,
equal-depth,20,8,legacy,W,3,1,4,0.004750,0,0,0.000000,0,0,0,0,0,-99999999,
equal-depth,20,9,optimized,B,10,3,1,0.010459,1,29,2772731.618702,24,1,1,0,0,99999996,
equal-depth,20,10,legacy,W,0,1,1,0.004042,0,0,0.000000,0,0,0,0,0,-99999999,
equal-depth,20,11,optimized,B,20,5,1,0.008459,1,25,2955432.084171,1,1,0,0,0,99999998,optimized-win
equal-depth,21,5,legacy,B,11,3,2,31.479958,5,33259,1056513.480736,32847,33259,1215,412,4549,9720,
equal-depth,21,6,optimized,W,22,5,3,1.211791,4,3747,3092117.370075,1610,1538,862,667,764,-99999993,
equal-depth,21,7,legacy,B,12,3,3,23.299208,5,24696,1059950.192298,24335,24696,862,361,2428,99999999,
equal-depth,21,8,optimized,W,23,5,4,0.013292,2,51,3836894.372555,25,27,27,24,1,-99999995,
equal-depth,21,9,legacy,B,13,3,4,0.794250,3,844,1062637.708530,815,844,214,29,165,99999999,
equal-depth,21,10,optimized,W,10,3,1,0.006375,1,25,3921568.627451,0,1,0,0,0,-99999997,
equal-depth,21,11,legacy,B,14,3,5,0.002708,0,0,0.000000,0,0,0,0,0,99999999,legacy-win
equal-depth,22,5,optimized,B,5,2,1,8.911875,5,28263,3171386.492741,18837,5249,1955,1069,3282,120,
equal-depth,22,6,legacy,W,13,3,4,9.789125,5,9884,1009691.877466,9739,9884,716,145,2156,-4770,
equal-depth,22,7,optimized,B,18,4,4,5.337292,5,16628,3115437.566466,10154,2883,1130,415,1951,40,
equal-depth,22,8,legacy,W,12,3,3,13.090459,5,13622,1040605.222475,13334,13622,1458,288,2686,-4990,
equal-depth,22,9,optimized,B,15,4,1,1.419042,5,3880,2734239.014772,1163,1647,1022,384,1124,160,
equal-depth,22,10,legacy,W,10,3,1,0.005833,0,0,0.000000,0,0,0,0,0,-99999999,
equal-depth,22,11,optimized,B,11,3,2,0.307000,4,1165,3794788.273616,556,421,347,289,101,-99999993,
equal-depth,22,12,legacy,W,7,2,3,5.994375,5,6406,1068668.543426,6254,6406,823,152,1686,-99999999,
equal-depth,22,13,optimized,B,19,4,5,0.012625,2,51,4039603.960396,1,27,27,24,1,-99999995,
equal-depth,22,14,legacy,W,17,4,3,0.160291,3,202,1260207.996706,154,202,126,48,24,-99999999,
equal-depth,22,15,optimized,B,2,1,3,0.003958,1,25,6316321.374432,0,1,0,0,0,-99999997,
equal-depth,22,16,legacy,W,22,5,3,0.004042,0,0,0.000000,0,0,0,0,0,-99999999,legacy-win
equal-depth,23,5,legacy,B,17,4,3,88.584958,5,90651,1023322.718062,90108,90651,1781,543,9429,410,
equal-depth,23,6,optimized,W,7,2,3,6.801292,5,21543,3167486.412876,12937,3607,1186,512,2382,560,
equal-depth,23,7,legacy,B,9,2,5,24.060125,5,25229,1048581.418426,24679,25229,1275,550,2889,410,
equal-depth,23,8,optimized,W,6,2,2,2.606708,5,7236,2775915.062216,2210,2668,1253,574,1867,580,
equal-depth,23,9,legacy,B,5,2,1,0.005041,0,0,0.000000,0,0,0,0,0,99999999,
equal-depth,23,10,optimized,W,11,3,2,2.660583,5,7668,2882075.094068,2658,2021,952,298,1483,430,
equal-depth,23,11,legacy,B,16,4,2,0.007084,0,0,0.000000,0,0,0,0,0,99999999,
equal-depth,23,12,optimized,W,15,4,1,2.357333,5,6532,2770927.993627,2057,1804,838,173,1418,200,
equal-depth,23,13,legacy,B,3,1,4,0.005083,0,0,0.000000,0,0,0,0,0,99999999,
equal-depth,23,14,optimized,W,18,4,4,2.977459,5,8606,2890384.048949,3331,2345,1027,344,1720,390,
equal-depth,23,15,legacy,B,13,3,4,24.807708,5,25859,1042377.635209,25540,25859,729,319,2285,860,
equal-depth,23,16,optimized,W,21,5,2,1.274250,5,3713,2913870.904454,1173,1245,559,355,764,800,
equal-depth,23,17,legacy,B,12,3,3,28.483583,5,28838,1012442.851730,28366,28838,1000,472,3276,1270,
equal-depth,23,18,optimized,W,12,3,3,8.743375,5,24832,2840093.213433,13438,6504,3131,2145,3560,1530,
equal-depth,23,19,legacy,B,12,3,3,55.550041,5,54439,979999.276688,54072,54439,1952,367,7009,3940,
equal-depth,23,20,optimized,W,6,2,2,6.756209,5,18990,2810747.861708,10963,4719,2115,1363,2720,4910,
equal-depth,23,21,legacy,B,18,4,4,26.493500,5,26348,994508.086889,25878,26348,973,470,2659,4580,
equal-depth,23,22,optimized,W,8,2,4,4.544042,5,12363,2720705.486437,3542,5075,2434,1728,2937,99999992,
equal-depth,23,23,legacy,B,19,4,5,51.520833,5,50973,989366.767420,50592,50973,1105,381,4861,4570,
equal-depth,23,24,optimized,W,14,3,5,0.051416,3,167,3248016.181733,49,99,99,89,13,99999994,
equal-depth,23,25,legacy,B,7,2,3,28.699792,5,27910,972480.915541,27341,27910,1114,569,3389,-99999999,
equal-depth,23,26,optimized,W,16,4,2,0.014666,1,31,2113732.442384,23,1,1,0,0,99999996,
equal-depth,23,27,legacy,B,4,1,5,0.006292,0,0,0.000000,0,0,0,0,0,99999999,
equal-depth,23,28,optimized,W,20,5,1,0.017584,1,43,2445404.913558,19,1,0,0,0,99999998,optimized-win
equal-depth,24,5,optimized,B,6,2,2,7.042416,5,22507,3195920.263728,13846,3771,1139,384,2694,990,
equal-depth,24,6,legacy,W,8,2,4,9.784000,5,9859,1007665.576451,9802,9859,857,57,2321,-380,
equal-depth,24,7,optimized,B,16,4,2,4.637000,5,14140,3049385.378477,6225,2943,1032,350,2146,860,
equal-depth,24,8,legacy,W,11,3,2,0.005667,0,0,0.000000,0,0,0,0,0,-99999999,
equal-depth,24,9,optimized,B,18,4,4,4.855666,5,14883,3065079.023145,9664,2558,1146,486,1570,99999992,
equal-depth,24,10,legacy,W,1,1,2,14.907458,5,15151,1016336.923438,14965,15151,1218,186,2644,60,
equal-depth,24,11,optimized,B,3,1,4,0.046583,3,139,2983921.172960,26,99,99,67,36,99999994,
equal-depth,24,12,legacy,W,12,3,3,8.387041,4,8849,1055080.093206,8744,8849,403,105,1286,99999999,
equal-depth,24,13,optimized,B,17,4,3,0.012208,1,27,2211664.482307,24,1,1,0,0,99999996,
equal-depth,24,14,legacy,W,15,4,1,0.007375,0,0,0.000000,0,0,0,0,0,-99999999,
equal-depth,24,15,optimized,B,19,4,5,0.015916,1,46,2890173.410405,22,1,0,0,0,99999998,optimized-win
equal-depth,25,5,legacy,B,23,5,4,65.164959,5,67339,1033362.117208,66911,67339,1720,428,8000,5280,
equal-depth,25,6,optimized,W,22,5,3,5.851917,5,17819,3044985.087793,6202,3706,1179,411,2732,-210,
equal-depth,25,7,legacy,B,11,3,2,44.043333,5,43935,997540.308768,43589,43935,1392,346,5128,5660,
equal-depth,25,8,optimized,W,3,1,4,4.381084,5,12630,2882848.171822,5164,2801,889,262,2152,-380,
equal-depth,25,9,legacy,B,1,1,2,0.004125,0,0,0.000000,0,0,0,0,0,99999999,
equal-depth,25,10,optimized,W,16,4,2,1.247292,4,3204,2568764.972436,1389,1304,513,411,809,-99999993,
equal-depth,25,11,legacy,B,8,2,4,37.432334,5,38120,1018370.908958,37986,38120,631,134,3205,99999999,
equal-depth,25,12,optimized,W,18,4,4,0.000542,1,0,0.000000,0,1,1,1,0,-99999995,
equal-depth,25,13,legacy,B,5,2,1,0.770250,3,830,1077572.216813,790,830,240,40,117,99999999,
equal-depth,25,14,optimized,W,6,2,2,0.008959,1,25,2790490.010046,0,1,0,0,0,-99999997,
equal-depth,25,15,legacy,B,17,4,3,0.003209,0,0,0.000000,0,0,0,0,0,99999999,legacy-win
equal-depth,26,5,optimized,B,23,5,4,6.094167,5,20901,3429672.997146,10311,3296,1070,403,2210,640,
equal-depth,26,6,legacy,W,22,5,3,9.418042,5,9527,1011569.071363,9325,9527,986,202,2133,-220,
equal-depth,26,7,optimized,B,23,5,4,5.664666,5,17511,3091267.869986,8793,3954,1307,677,2699,620,
equal-depth,26,8,legacy,W,8,2,4,12.741417,5,12780,1003028.156131,12576,12780,988,204,2717,-4940,
equal-depth,26,9,optimized,B,3,1,4,1.615417,5,4515,2794943.968028,1753,1514,683,395,990,1400,
equal-depth,26,10,legacy,W,16,4,2,9.460041,5,9483,1002426.945084,9240,9483,1051,243,2151,-4960,
equal-depth,26,11,optimized,B,17,4,3,2.968208,5,9273,3124107.205425,3182,2086,1210,478,1330,4810,
equal-depth,26,12,legacy,W,5,2,1,0.005250,0,0,0.000000,0,0,0,0,0,-99999999,
equal-depth,26,13,optimized,B,7,2,3,3.023458,5,9872,3265135.483939,3666,2503,1475,686,1511,4620,
equal-depth,26,14,legacy,W,15,4,1,0.007250,0,0,0.000000,0,0,0,0,0,-99999999,
equal-depth,26,15,optimized,B,23,5,4,2.521709,5,7895,3130813.269890,3351,2162,1327,624,1282,4810,
equal-depth,26,16,legacy,W,23,5,4,0.010250,0,0,0.000000,0,0,0,0,0,-99999999,
equal-depth,26,17,optimized,B,12,3,3,2.761375,5,10334,3742338.508895,2514,2840,1985,1034,1472,-60,
equal-depth,26,18,legacy,W,2,1,3,0.005541,0,0,0.000000,0,0,0,0,0,-99999999,
equal-depth,26,19,optimized,B,10,3,1,3.558500,5,10385,2918364.479415,6001,3271,2044,1307,1611,-240,
equal-depth,26,20,legacy,W,13,3,4,22.833333,5,21502,941693.444404,21074,21502,1752,428,3888,-5830,
equal-depth,26,21,optimized,B,21,5,2,7.640583,5,22062,2887475.994960,9084,7340,3393,2478,4150,530,
equal-depth,26,22,legacy,W,22,5,3,14.727541,5,14235,966556.467234,13795,14235,1504,440,3061,-5900,
equal-depth,26,23,optimized,B,11,3,2,5.426583,5,16200,2985304.011751,5394,5065,2299,1538,2987,10,
equal-depth,26,24,legacy,W,22,5,3,13.303167,5,12363,929327.580418,12163,12363,1337,200,2441,-5250,
equal-depth,26,25,optimized,B,22,5,3,1.762875,5,4725,2680280.791321,1799,1938,972,685,1107,1470,
equal-depth,26,26,legacy,W,18,4,4,14.158083,5,13203,932541.502970,12992,13203,951,211,2367,-8760,
equal-depth,26,27,optimized,B,18,4,4,0.893625,5,2225,2489858.721500,935,1011,497,303,642,-3450,
equal-depth,26,28,legacy,W,8,2,4,7.014583,5,6468,922079.045896,6313,6468,797,155,1639,-10030,
equal-depth,26,29,optimized,B,3,1,4,0.963667,5,2411,2501901.590487,909,1001,472,302,638,-4000,
equal-depth,26,30,legacy,W,8,2,4,5.417167,5,4819,889579.368700,4773,4819,698,46,1384,-10380,
equal-depth,26,31,optimized,B,8,2,4,1.696042,5,4633,2731654.051020,1790,1676,929,665,878,980,
equal-depth,26,32,legacy,W,12,3,3,11.085584,5,9869,890255.308155,9718,9869,1136,151,2274,-9500,
equal-depth,26,33,optimized,B,11,3,2,5.097000,5,15800,3099862.664312,7691,1873,908,254,1162,99999992,
equal-depth,26,34,legacy,W,11,3,2,0.008750,0,0,0.000000,0,0,0,0,0,-99999999,
equal-depth,26,35,optimized,B,17,4,3,0.058083,3,199,3426131.570339,56,114,109,95,23,99999994,
equal-depth,26,36,legacy,W,5,2,1,0.006833,0,0,0.000000,0,0,0,0,0,-99999999,
equal-depth,26,37,optimized,B,17,4,3,0.009500,1,28,2947368.421053,22,1,1,0,0,99999996,
equal-depth,26,38,legacy,W,5,2,1,0.006542,0,0,0.000000,0,0,0,0,0,-99999999,
equal-depth,26,39,optimized,B,5,2,1,0.004375,1,23,5257142.857143,0,1,0,0,0,99999998,optimized-win
equal-depth,27,5,legacy,B,23,5,4,32.768875,5,32991,1006778.536035,32741,32991,780,250,3447,5040,
equal-depth,27,6,optimized,W,22,5,3,4.101958,5,11702,2852783.963171,3015,3997,1866,1022,2595,180,
equal-depth,27,7,legacy,B,23,5,4,37.840333,5,37932,1002422.468111,37355,37932,1292,577,4343,5060,
equal-depth,27,8,optimized,W,6,2,2,3.151250,5,8287,2629750.099167,2701,3516,1720,1079,2167,510,
equal-depth,27,9,legacy,B,23,5,4,26.259750,5,26248,999552.547149,26005,26248,1066,243,3430,5200,
equal-depth,27,10,optimized,W,23,5,4,0.993167,5,2829,2848463.551447,833,1298,719,518,690,99999992,
equal-depth,27,11,legacy,B,17,4,3,20.560166,5,20260,985400.604256,19929,20260,1015,331,2992,4430,
equal-depth,27,12,optimized,W,5,2,1,0.057209,3,139,2429687.636561,26,99,99,67,36,99999994,
equal-depth,27,13,legacy,B,8,2,4,4.172000,4,4387,1051534.036433,4080,4387,559,307,797,-99999999,
equal-depth,27,14,optimized,W,12,3,3,0.014083,1,27,1917205.140950,24,1,1,0,0,99999996,
equal-depth,27,15,legacy,B,0,1,1,0.006125,0,0,0.000000,0,0,0,0,0,99999999,
equal-depth,27,16,optimized,W,24,5,5,0.019958,1,48,2405050.606273,24,1,0,0,0,99999998,optimized-win
equal-depth,28,5,optimized,B,12,3,3,8.890459,5,26434,2973299.803756,16260,5092,1753,835,3426,590,
equal-depth,28,6,legacy,W,12,3,3,16.732625,5,16769,1002173.896803,16555,16769,1443,214,3757,-420,
equal-depth,28,7,optimized,B,23,5,4,0.296042,3,869,2935394.302160,609,125,105,66,40,99999994,
equal-depth,28,8,legacy,W,12,3,3,16.991583,4,17638,1038043.365353,17610,17638,728,28,2044,99999999,
equal-depth,28,9,optimized,B,21,5,2,0.015458,1,31,2005434.079441,23,1,1,0,0,99999996,
equal-depth,28,10,legacy,W,20,5,1,0.009167,0,0,0.000000,0,0,0,0,0,-99999999,
equal-depth,28,11,optimized,B,24,5,5,0.015125,1,41,2710743.801653,17,1,0,0,0,99999998,optimized-win
equal-depth,29,5,legacy,B,6,2,2,42.348084,5,42411,1001485.687050,42114,42411,818,297,4107,5140,
equal-depth,29,6,optimized,W,16,4,2,4.165042,5,15539,3730814.719275,4959,3043,1160,537,1998,130,
equal-depth,29,7,legacy,B,7,2,3,58.435708,5,55740,953868.822810,55456,55740,1615,284,6417,9590,
equal-depth,29,8,optimized,W,9,2,5,1.034416,4,2941,2843150.144623,900,1301,628,522,688,-99999993,
equal-depth,29,9,legacy,B,17,4,3,26.256708,5,26456,1007590.136585,26286,26456,820,170,2614,99999999,
equal-depth,29,10,optimized,W,12,3,3,0.028958,2,51,1761171.351613,1,27,3,0,25,-99999995,
equal-depth,29,11,legacy,B,5,2,1,0.368291,3,400,1086097.678195,356,400,151,44,92,99999999,
equal-depth,29,12,optimized,W,8,2,4,0.007834,1,25,3191217.768701,0,1,0,0,0,-99999997,
equal-depth,29,13,legacy,B,23,5,4,0.005833,0,0,0.000000,0,0,0,0,0,99999999,legacy-win
equal-depth,30,5,optimized,B,7,2,3,6.253709,5,18734,2995662.254192,10733,3966,1265,669,2696,620,
equal-depth,30,6,legacy,W,11,3,2,14.898083,5,14965,1004491.651711,14686,14965,1173,279,3181,-210,
equal-depth,30,7,optimized,B,13,3,4,5.209458,5,15959,3063466.487301,5934,2721,885,249,1921,620,
equal-depth,30,8,legacy,W,19,4,5,0.006875,0,0,0.000000,0,0,0,0,0,-99999999,
equal-depth,30,9,optimized,B,18,4,4,3.400750,5,7681,2258619.422186,2464,3767,1387,860,2645,610,
equal-depth,30,10,legacy,W,8,2,4,0.006125,0,0,0.000000,0,0,0,0,0,-99999999,
equal-depth,30,11,optimized,B,12,3,3,6.805084,5,19089,2805108.651120,10951,4084,1390,757,2700,650,
equal-depth,30,12,legacy,W,6,2,2,12.816583,5,12069,941670.646537,11868,12069,1082,201,2890,-1490,
equal-depth,30,13,optimized,B,12,3,3,4.879709,5,12745,2611836.074651,8863,2636,1064,479,1729,670,
equal-depth,30,14,legacy,W,23,5,4,9.502417,5,8787,924712.102195,8655,8787,748,132,1947,-8950,
equal-depth,30,15,optimized,B,5,2,1,0.345709,4,1053,3045914.338360,631,365,316,261,75,-99999993,
equal-depth,30,16,legacy,W,21,5,2,4.503667,5,4179,927910.522692,4133,4179,620,46,1367,-99999999,
equal-depth,30,17,optimized,B,16,4,2,0.011666,2,51,4371678.381622,1,27,27,24,1,-99999995,
equal-depth,30,18,legacy,W,22,5,3,0.166458,3,202,1213519.326196,154,202,126,48,24,-99999999,
equal-depth,30,19,optimized,B,20,5,1,0.008958,1,25,2790801.518196,0,1,0,0,0,-99999997,
equal-depth,30,20,legacy,W,24,5,5,0.004833,0,0,0.000000,0,0,0,0,0,-99999999,legacy-win
equal-depth,31,5,legacy,B,12,3,3,43.822875,5,42328,965888.249002,41947,42328,1420,381,4924,5290,
equal-depth,31,6,optimized,W,12,3,3,6.379000,5,17794,2789465.433454,10743,3625,1537,863,2188,300,
equal-depth,31,7,legacy,B,8,2,4,28.406166,5,27923,982990.805588,27732,27923,934,191,3028,9590,
equal-depth,31,8,optimized,W,16,4,2,1.188292,4,3341,2811598.495993,1299,1436,840,653,683,-99999993,
equal-depth,31,9,legacy,B,18,4,4,18.498667,5,18824,1017586.834770,18587,18824,459,237,1499,99999999,
equal-depth,31,10,optimized,W,13,3,4,0.021583,2,77,3567622.665987,25,27,27,24,0,-99999995,
equal-depth,31,11,legacy,B,6,2,2,0.406208,3,460,1132424.767607,411,460,218,49,130,99999999,
equal-depth,31,12,optimized,W,0,1,1,0.004166,1,25,6000960.153625,0,1,0,0,0,-99999997,
equal-depth,31,13,legacy,B,24,5,5,0.004583,0,0,0.000000,0,0,0,0,0,99999999,legacy-win
equal-depth,32,5,optimized,B,7,2,3,4.472333,5,13373,2990161.957976,7126,2834,1233,487,1923,290,
equal-depth,32,6,legacy,W,16,4,2,10.402084,5,10501,1009509.248339,10154,10501,1163,347,2559,-5170,
equal-depth,32,7,optimized,B,19,4,5,2.086125,5,6112,2929834.022410,593,1682,873,179,1285,250,
equal-depth,32,8,legacy,W,1,1,2,0.004250,0,0,0.000000,0,0,0,0,0,-99999999,
equal-depth,32,9,optimized,B,8,2,4,1.348792,4,3728,2763954.709103,1461,1459,686,561,787,-99999993,
equal-depth,32,10,legacy,W,6,2,2,5.586708,5,5586,999873.270627,5550,5586,618,36,1552,-99999999,
equal-depth,32,11,optimized,B,11,3,2,0.019666,2,77,3915386.962270,23,27,27,24,0,-99999995,
equal-depth,32,12,legacy,W,18,4,4,0.162000,3,202,1246913.580247,154,202,126,48,24,-99999999,
equal-depth,32,13,optimized,B,15,4,1,0.007500,1,25,3333333.333333,0,1,0,0,0,-99999997,
equal-depth,32,14,legacy,W,24,5,5,0.004250,0,0,0.000000,0,0,0,0,0,-99999999,legacy-win
equal-depth,33,5,legacy,B,7,2,3,20.340583,5,20852,1025142.691338,20294,20852,838,558,2080,430,
equal-depth,33,6,optimized,W,19,4,5,6.855875,5,21733,3169981.949788,9620,4394,1558,816,2842,450,
equal-depth,33,7,legacy,B,16,4,2,38.182709,5,39405,1032011.636471,38857,39405,1180,548,3387,490,
equal-depth,33,8,optimized,W,9,2,5,6.343167,5,19418,3061246.850351,13980,2924,1177,408,1848,630,
equal-depth,33,9,legacy,B,14,3,5,38.771000,5,38437,991385.313765,38066,38437,1008,371,3414,910,
equal-depth,33,10,optimized,W,9,2,5,7.125917,5,20568,2886365.361819,12311,4782,1755,1141,2949,1010,
equal-depth,33,11,legacy,B,11,3,2,43.556334,5,42603,978112.620773,42273,42603,1474,330,4883,5050,
equal-depth,33,12,optimized,W,9,2,5,1.792042,5,4740,2645027.292887,781,2158,914,427,1571,10,
equal-depth,33,13,legacy,B,9,2,5,0.005834,0,0,0.000000,0,0,0,0,0,99999999,
equal-depth,33,14,optimized,W,6,2,2,1.499708,5,3577,2385130.972163,1205,2181,1242,713,1357,-210,
equal-depth,33,15,legacy,B,3,1,4,56.552416,5,56575,1000399.346334,56167,56575,1288,408,5308,5010,
equal-depth,33,16,optimized,W,15,4,1,1.098708,5,2786,2535705.574183,1157,929,352,218,628,-30,
equal-depth,33,17,legacy,B,19,4,5,42.893125,5,42652,994378.469743,42330,42652,1045,322,4664,4810,
equal-depth,33,18,optimized,W,24,5,5,2.629875,5,6499,2471220.115024,2362,2497,1185,566,1717,-10,
equal-depth,33,19,legacy,B,18,4,4,0.008375,0,0,0.000000,0,0,0,0,0,99999999,
equal-depth,33,20,optimized,W,8,2,4,1.179292,5,3700,3137475.705762,1576,1644,1075,840,688,630,
equal-depth,33,21,legacy,B,17,4,3,57.471208,5,55190,960306.941869,54613,55190,2055,577,6855,5900,
equal-depth,33,22,optimized,W,17,4,3,7.508166,5,19219,2559746.281582,10802,5892,2261,1528,3801,-180,
equal-depth,33,23,legacy,B,7,2,3,35.370959,5,34167,965961.935044,33854,34167,992,313,3102,6380,
equal-depth,33,24,optimized,W,12,3,3,4.934875,5,15953,3232705.995593,7385,3534,1809,1057,1943,-1090,
equal-depth,33,25,legacy,B,1,1,2,42.131875,5,41318,980682.677901,40741,41318,1388,577,4270,15750,
equal-depth,33,26,optimized,W,2,1,3,0.392292,4,1232,3140517.777574,631,466,417,329,101,-99999993,
equal-depth,33,27,legacy,B,13,3,4,21.232250,5,21389,1007382.637262,20919,21389,913,470,2090,99999999,
equal-depth,33,28,optimized,W,1,1,2,0.014458,2,51,3527458.846313,1,27,27,24,1,-99999995,
equal-depth,33,29,legacy,B,13,3,4,0.266833,3,323,1210494.953773,279,323,174,44,93,99999999,
equal-depth,33,30,optimized,W,13,3,4,0.008458,1,25,2955781.508631,0,1,0,0,0,-99999997,
equal-depth,33,31,legacy,B,21,5,2,0.004375,0,0,0.000000,0,0,0,0,0,99999999,legacy-win
equal-depth,34,5,optimized,B,8,2,4,9.177917,5,29305,3192990.304881,16624,6067,2374,1187,3946,99999992,
equal-depth,34,6,legacy,W,6,2,2,11.731208,5,11827,1008165.569991,11689,11827,1110,138,2713,-60,
equal-depth,34,7,optimized,B,12,3,3,0.249583,3,779,3121206.171895,620,122,99,68,35,99999994,
equal-depth,34,8,legacy,W,16,4,2,9.553750,4,10368,1085228.313489,10315,10368,436,53,1111,99999999,
equal-depth,34,9,optimized,B,17,4,3,0.012416,1,31,2496778.350515,23,1,1,0,0,99999996,
equal-depth,34,10,legacy,W,2,1,3,0.005000,0,0,0.000000,0,0,0,0,0,-99999999,
equal-depth,34,11,optimized,B,22,5,3,0.016500,1,46,2787878.787879,22,1,0,0,0,99999998,optimized-win
equal-depth,35,5,legacy,B,8,2,4,58.133917,5,58116,999691.797819,57753,58116,2336,363,7598,9780,
equal-depth,35,6,optimized,W,6,2,2,1.742750,4,5078,2913785.683546,2413,1848,1088,700,1004,-99999993,
equal-depth,35,7,legacy,B,12,3,3,29.675584,5,30609,1031454.006095,30216,30609,1147,393,3483,99999999,
equal-depth,35,8,optimized,W,16,4,2,0.029750,2,82,2756302.521008,49,27,27,24,0,-99999995,
equal-depth,35,9,legacy,B,17,4,3,0.544167,3,654,1201836.936088,617,654,152,37,107,99999999,
equal-depth,35,10,optimized,W,2,1,3,0.004541,1,25,5505395.287382,0,1,0,0,0,-99999997,
equal-depth,35,11,legacy,B,22,5,3,0.003792,0,0,0.000000,0,0,0,0,0,99999999,legacy-win
equal-depth,36,5,optimized,B,6,2,2,6.411625,5,20167,3145380.461272,14340,2944,1254,506,1773,99999992,
equal-depth,36,6,legacy,W,12,3,3,9.148333,5,9626,1052213.556284,9423,9626,852,203,2372,220,
equal-depth,36,7,optimized,B,16,4,2,0.138750,3,415,2990990.990991,95,172,121,76,92,99999994,
equal-depth,36,8,legacy,W,11,3,2,10.392292,4,11094,1067521.967243,10999,11094,432,95,1217,99999999,
equal-depth,36,9,optimized,B,17,4,3,0.010875,1,29,2666666.666667,24,1,1,0,0,99999996,
equal-depth,36,10,legacy,W,15,4,1,0.006959,0,0,0.000000,0,0,0,0,0,-99999999,
equal-depth,36,11,optimized,B,19,4,5,0.014334,1,44,3069624.668620,20,1,0,0,0,99999998,optimized-win
equal-depth,37,5,legacy,B,6,2,2,45.096292,5,45498,1008907.783372,45128,45498,1330,370,5187,9890,
equal-depth,37,6,optimized,W,12,3,3,0.963417,4,2938,3049562.131455,868,1193,634,520,583,-99999993,
equal-depth,37,7,legacy,B,8,2,4,26.643709,5,27474,1031162.740893,27086,27474,1230,388,2901,99999999,
equal-depth,37,8,optimized,W,7,2,3,0.029375,2,51,1736170.212766,1,27,3,0,25,-99999995,
equal-depth,37,9,legacy,B,13,3,4,0.355416,3,409,1150764.174939,364,409,154,45,95,99999999,
equal-depth,37,10,optimized,W,3,1,4,0.004708,1,25,5310110.450297,0,1,0,0,0,-99999997,
equal-depth,37,11,legacy,B,23,5,4,0.004708,0,0,0.000000,0,0,0,0,0,99999999,legacy-win
equal-depth,38,5,optimized,B,8,2,4,0.295208,3,918,3109671.824612,731,123,48,18,84,99999994,
equal-depth,38,6,legacy,W,9,2,5,6.150750,4,6919,1124903.467057,6916,6919,288,3,1280,99999999,
equal-depth,38,7,optimized,B,13,3,4,0.009833,1,29,2949252.517034,24,1,1,0,0,99999996,
equal-depth,38,8,legacy,W,3,1,4,0.004583,0,0,0.000000,0,0,0,0,0,-99999999,
equal-depth,38,9,optimized,B,23,5,4,0.014125,1,44,3115044.247788,20,1,0,0,0,99999998,optimized-win
equal-depth,39,5,legacy,B,8,2,4,37.682542,5,38272,1015642.734506,38054,38272,1086,218,4604,99999999,
equal-depth,39,6,optimized,W,9,2,5,0.051625,2,124,2401937.046005,66,27,1,0,24,-99999995,
equal-depth,39,7,legacy,B,13,3,4,0.627417,3,668,1064682.659220,628,668,176,40,125,99999999,
equal-depth,39,8,optimized,W,3,1,4,0.004042,1,25,6185056.902524,0,1,0,0,0,-99999997,
equal-depth,39,9,legacy,B,23,5,4,0.003875,0,0,0.000000,0,0,0,0,0,99999999,legacy-win
equal-depth,40,5,optimized,B,7,2,3,9.672083,5,27731,2867117.662245,18774,5730,2157,1266,3611,430,
equal-depth,40,6,legacy,W,12,3,3,9.632875,5,9447,980704.099243,9285,9447,817,162,2162,-4410,
equal-depth,40,7,optimized,B,13,3,4,3.592875,5,10673,2970601.537766,5302,2066,961,303,1420,330,
equal-depth,40,8,legacy,W,19,4,5,0.007708,0,0,0.000000,0,0,0,0,0,-99999999,
equal-depth,40,9,optimized,B,8,2,4,5.645625,5,17314,3066799.512897,7657,3352,988,349,2428,500,
equal-depth,40,10,legacy,W,9,2,5,6.471083,5,6433,994114.895451,6432,6433,630,1,1508,-420,
equal-depth,40,11,optimized,B,14,3,5,1.191042,5,2819,2366835.090618,1275,1013,347,186,738,480,
equal-depth,40,12,legacy,W,18,4,4,8.748500,5,8847,1011259.072984,8586,8847,928,261,1833,-710,
equal-depth,40,13,optimized,B,6,2,2,4.252041,5,11325,2663426.810795,4336,3594,1553,828,2401,160,
equal-depth,40,14,legacy,W,5,2,1,0.006083,0,0,0.000000,0,0,0,0,0,-99999999,
equal-depth,40,15,optimized,B,17,4,3,5.489750,5,14365,2616694.749306,8782,3404,1613,798,2131,230,
equal-depth,40,16,legacy,W,12,3,3,25.304291,5,23400,924744.344744,23133,23400,1638,267,4013,-1470,
equal-depth,40,17,optimized,B,12,3,3,5.906792,5,15663,2651693.169490,10213,3528,1874,1194,1811,-100,
equal-depth,40,18,legacy,W,18,4,4,7.468208,5,7055,944671.064330,6708,7055,991,347,1736,-4880,
equal-depth,40,19,optimized,B,6,2,2,1.901916,5,4762,2503790.914005,1645,2456,1492,941,1352,1150,
equal-depth,40,20,legacy,W,6,2,2,9.033083,5,8219,909877.613214,8028,8219,1238,191,2196,-4640,
equal-depth,40,21,optimized,B,0,1,1,7.258542,5,19877,2738428.736790,11249,4887,2495,1723,2509,4570,
equal-depth,40,22,legacy,W,13,3,4,12.075917,5,10802,894507.638633,10599,10802,988,203,2202,-6240,
equal-depth,40,23,optimized,B,2,1,3,5.089459,5,15240,2994424.358267,6969,2453,1270,558,1407,-620,
equal-depth,40,24,legacy,W,3,1,4,0.007000,0,0,0.000000,0,0,0,0,0,-99999999,
equal-depth,40,25,optimized,B,11,3,2,3.904083,5,11687,2993532.668235,2213,4344,2415,1364,2602,-5420,
equal-depth,40,26,legacy,W,8,2,4,5.645750,5,5003,886153.301156,4948,5003,724,55,1589,-11750,
equal-depth,40,27,optimized,B,3,1,4,1.842625,5,5026,2727630.418560,2026,2159,1360,1069,945,-5560,
equal-depth,40,28,legacy,W,8,2,4,13.499833,5,12234,906233.432665,11783,12234,1314,451,2481,-14950,
equal-depth,40,29,optimized,B,13,3,4,5.015666,5,14426,2876188.326735,5014,4066,2454,1553,2062,-4150,
equal-depth,40,30,legacy,W,8,2,4,14.371375,5,12947,900888.050030,12820,12947,943,127,2196,-15490,
equal-depth,40,31,optimized,B,8,2,4,1.116833,5,3062,2741681.164507,984,1656,1081,798,765,1430,
equal-depth,40,32,legacy,W,3,1,4,18.500916,5,16622,898442.001466,16428,16622,1490,194,2540,-9570,
equal-depth,40,33,optimized,B,3,1,4,2.021625,5,5524,2732455.326779,1511,1789,869,539,1086,9970,
equal-depth,40,34,legacy,W,23,5,4,37.314916,5,33879,907921.111225,33206,33879,2493,673,5451,-4360,
equal-depth,40,35,optimized,B,23,5,4,0.896208,5,2556,2852016.496171,696,1099,664,463,554,99999992,
equal-depth,40,36,legacy,W,13,3,4,24.293792,5,22811,938964.160062,22591,22811,2195,220,3490,10050,
equal-depth,40,37,optimized,B,1,1,2,0.043916,3,156,3552236.087075,51,106,106,91,19,99999994,
equal-depth,40,38,legacy,W,7,2,3,11.787333,4,11716,993948.334199,11687,11716,221,29,913,99999999,
equal-depth,40,39,optimized,B,2,1,3,0.013875,1,39,2810810.810811,19,1,1,0,0,99999996,
equal-depth,40,40,legacy,W,0,1,1,0.005250,0,0,0.000000,0,0,0,0,0,-99999999,
equal-depth,40,41,optimized,B,2,1,3,0.008500,1,22,2588235.294118,0,1,0,0,0,99999998,optimized-win
equal-depth,41,5,legacy,B,12,3,3,53.397292,5,54734,1025033.254495,54286,54734,1124,448,5102,4480,
equal-depth,41,6,optimized,W,12,3,3,8.738500,5,26765,3062882.645763,18433,4831,2231,1258,2697,440,
equal-depth,41,7,legacy,B,13,3,4,42.237042,5,43310,1025403.246752,42879,43310,1659,431,5573,9190,
equal-depth,41,8,optimized,W,5,2,1,1.866042,4,5121,2744311.221291,2425,1862,922,724,985,-99999993,
equal-depth,41,9,legacy,B,7,2,3,22.377209,5,23221,1037707.606878,23003,23221,570,218,2057,99999999,
equal-depth,41,10,optimized,W,19,4,5,0.000375,1,0,0.000000,0,1,1,1,0,-99999995,
equal-depth,41,11,legacy,B,17,4,3,0.220417,3,252,1143287.495974,221,252,151,31,72,99999999,
equal-depth,41,12,optimized,W,2,1,3,0.006333,1,25,3947576.188220,0,1,0,0,0,-99999997,
equal-depth,41,13,legacy,B,22,5,3,0.004083,0,0,0.000000,0,0,0,0,0,99999999,legacy-win
equal-depth,42,5,optimized,B,17,4,3,6.950791,5,21573,3103675.538511,14131,3407,1326,478,2234,620,
equal-depth,42,6,legacy,W,16,4,2,13.348834,5,13253,992820.796183,13200,13253,957,53,2791,-100,
equal-depth,42,7,optimized,B,13,3,4,4.349917,5,13620,3131094.225476,7706,2100,866,218,1447,920,
equal-depth,42,8,legacy,W,9,2,5,0.005250,0,0,0.000000,0,0,0,0,0,-99999999,
equal-depth,42,9,optimized,B,12,3,3,4.718375,5,14379,3047447.479270,9129,2562,1181,470,1624,99999992,
equal-depth,42,10,legacy,W,16,4,2,11.329708,5,11171,985991.871988,11145,11171,1243,26,2238,500,
equal-depth,42,11,optimized,B,16,4,2,0.049750,3,168,3376884.422111,48,99,99,90,12,99999994,
equal-depth,42,12,legacy,W,10,3,1,9.377375,4,9836,1048907.610072,9767,9836,403,69,1307,99999999,
equal-depth,42,13,optimized,B,7,2,3,0.012792,1,31,2423389.618512,23,1,1,0,0,99999996,
equal-depth,42,14,legacy,W,2,1,3,0.004875,0,0,0.000000,0,0,0,0,0,-99999999,
equal-depth,42,15,optimized,B,22,5,3,0.016083,1,42,2611453.087111,18,1,0,0,0,99999998,optimized-win
equal-depth,43,5,legacy,B,13,3,4,44.587709,5,44707,1002675.423400,44539,44707,738,168,4622,5180,
equal-depth,43,6,optimized,W,5,2,1,4.893125,5,13914,2843581.555754,6089,3866,1404,726,2683,230,
equal-depth,43,7,legacy,B,17,4,3,33.078709,5,33342,1007959.530706,32954,33342,1311,388,4187,5330,
equal-depth,43,8,optimized,W,9,2,5,1.098333,5,2951,2686798.994476,1182,1042,378,200,745,230,
equal-depth,43,9,legacy,B,22,5,3,37.335250,5,36744,984163.759450,36334,36744,1036,410,3717,9360,
equal-depth,43,10,optimized,W,23,5,4,0.356833,4,1232,3452595.471831,486,465,392,301,129,-99999993,
equal-depth,43,11,legacy,B,12,3,3,33.865875,5,33337,984383.247148,32896,33337,995,441,3750,99999999,
equal-depth,43,12,optimized,W,7,2,3,0.000167,1,0,0.000000,0,1,1,1,0,-99999995,
equal-depth,43,13,legacy,B,11,3,2,0.535208,3,565,1055664.339845,524,565,211,41,93,99999999,
equal-depth,43,14,optimized,W,10,3,1,0.008666,1,25,2884837.295177,0,1,0,0,0,-99999997,
equal-depth,43,15,legacy,B,14,3,5,0.002917,0,0,0.000000,0,0,0,0,0,99999999,legacy-win
equal-depth,44,5,optimized,B,5,2,1,9.046250,5,27126,2998590.576206,17103,5232,1440,637,3766,470,
equal-depth,44,6,legacy,W,9,2,5,12.051542,5,11506,954732.597704,11420,11506,777,86,2422,-400,
equal-depth,44,7,optimized,B,17,4,3,4.544209,5,13753,3026489.318603,6926,2965,1301,531,1999,270,
equal-depth,44,8,legacy,W,11,3,2,0.006208,0,0,0.000000,0,0,0,0,0,-99999999,
equal-depth,44,9,optimized,B,15,4,1,3.774833,5,12027,3186101.212954,4387,2788,1054,368,2032,290,
equal-depth,44,10,legacy,W,10,3,1,0.005750,0,0,0.000000,0,0,0,0,0,-99999999,
equal-depth,44,11,optimized,B,16,4,2,1.843375,5,6211,3369363.260324,1235,1858,1095,468,1169,120,
equal-depth,44,12,legacy,W,18,4,4,0.008500,0,0,0.000000,0,0,0,0,0,-99999999,
equal-depth,44,13,optimized,B,12,3,3,2.519875,5,8784,3485887.196786,3559,1705,911,275,1114,290,
equal-depth,44,14,legacy,W,8,2,4,0.005792,0,0,0.000000,0,0,0,0,0,-99999999,
equal-depth,44,15,optimized,B,7,2,3,1.182750,5,2894,2446839.991545,568,1691,1069,455,1134,-390,
equal-depth,44,16,legacy,W,2,1,3,0.005000,0,0,0.000000,0,0,0,0,0,-99999999,
equal-depth,44,17,optimized,B,4,1,5,2.743500,5,8310,3028977.583379,2574,2303,999,372,1653,-410,
equal-depth,44,18,legacy,W,3,1,4,13.050209,5,12322,944199.437725,12062,12322,1070,260,2379,-5250,
equal-depth,44,19,optimized,B,13,3,4,1.924417,5,4896,2544147.136509,2910,1359,566,317,890,-320,
equal-depth,44,20,legacy,W,13,3,4,13.486000,5,12648,937861.485985,12402,12648,1481,246,2421,-5350,
equal-depth,44,21,optimized,B,15,4,1,8.739334,5,24354,2786711.207055,12175,6242,2933,1667,3797,-710,
equal-depth,44,22,legacy,W,0,1,1,16.065083,5,14705,915339.186234,14611,14705,1181,94,2924,-5730,
equal-depth,44,23,optimized,B,1,1,2,1.922333,5,4715,2452748.821354,1986,1754,943,660,946,-510,
equal-depth,44,24,legacy,W,14,3,5,17.867083,5,16344,914754.803568,16148,16344,1407,196,3188,-5560,
equal-depth,44,25,optimized,B,24,5,5,1.551083,5,4002,2580132.720170,1296,1780,1023,770,881,-290,
equal-depth,44,26,legacy,W,8,2,4,16.634625,5,15101,907805.255604,14929,15101,1414,172,2871,-6830,
equal-depth,44,27,optimized,B,15,4,1,3.102750,5,8259,2661832.245589,2027,3098,1788,882,1981,-5680,
equal-depth,44,28,legacy,W,15,4,1,0.009250,0,0,0.000000,0,0,0,0,0,-99999999,
equal-depth,44,29,optimized,B,18,4,4,2.114500,5,5093,2408607.235753,881,2644,1447,831,1646,-10450,
equal-depth,44,30,legacy,W,8,2,4,9.800375,5,9152,933841.817277,8960,9152,960,192,2153,-15450,
equal-depth,44,31,optimized,B,8,2,4,0.459750,5,1084,2357803.153888,526,340,237,78,224,-6010,
equal-depth,44,32,legacy,W,13,3,4,0.007833,0,0,0.000000,0,0,0,0,0,-99999999,
equal-depth,44,33,optimized,B,16,4,2,3.513334,5,9740,2772295.489128,6577,1734,989,393,1009,99999992,
equal-depth,44,34,legacy,W,17,4,3,0.009083,0,0,0.000000,0,0,0,0,0,-99999999,
equal-depth,44,35,optimized,B,16,4,2,0.040375,3,166,4111455.108359,25,99,99,90,12,99999994,
equal-depth,44,36,legacy,W,16,4,2,0.009000,0,0,0.000000,0,0,0,0,0,-99999999,
equal-depth,44,37,optimized,B,17,4,3,0.009334,1,27,2892650.524963,23,1,1,0,0,99999996,
equal-depth,44,38,legacy,W,18,4,4,0.009708,0,0,0.000000,0,0,0,0,0,-99999999,
equal-depth,44,39,optimized,B,18,4,4,0.007583,1,24,3164974.284584,0,1,0,0,0,99999998,optimized-win
equal-depth,45,5,legacy,B,12,3,3,48.903000,5,47092,962967.507106,46677,47092,1139,415,5082,5040,
equal-depth,45,6,optimized,W,8,2,4,9.056667,5,26930,2973500.074586,12619,6354,1942,1150,4368,0,
equal-depth,45,7,legacy,B,17,4,3,57.133375,5,54702,957443.875843,54497,54702,1209,205,5264,5100,
equal-depth,45,8,optimized,W,11,3,2,4.118958,5,11723,2846108.166192,6214,2746,1264,519,1851,-90,
equal-depth,45,9,legacy,B,12,3,3,55.245292,5,51063,924295.956296,50819,51063,1504,244,5269,5250,
equal-depth,45,10,optimized,W,7,2,3,4.420958,5,12232,2766821.127909,6048,2643,1133,478,1771,-140,
equal-depth,45,11,legacy,B,12,3,3,47.117167,5,44084,935625.013278,43481,44084,1287,603,4124,1180,
equal-depth,45,12,optimized,W,12,3,3,1.281084,5,3507,2737525.408170,1490,1148,584,381,660,99999992,
equal-depth,45,13,legacy,B,6,2,2,14.868792,5,14413,969345.727615,13713,14413,1104,700,1828,1190,
equal-depth,45,14,optimized,W,13,3,4,0.070125,3,214,3051693.404635,86,109,109,81,30,99999994,
equal-depth,45,15,legacy,B,1,1,2,0.005041,0,0,0.000000,0,0,0,0,0,99999999,
equal-depth,45,16,optimized,W,3,1,4,0.010125,1,27,2666666.666667,24,1,1,0,0,99999996,
equal-depth,45,17,legacy,B,15,4,1,0.008375,0,0,0.000000,0,0,0,0,0,99999999,
equal-depth,45,18,optimized,W,18,4,4,0.017458,1,48,2749455.836866,0,1,0,0,0,99999998,optimized-win
equal-depth,46,5,optimized,B,12,3,3,6.502792,5,19350,2975644.922981,14558,2974,1306,570,1741,99999992,
equal-depth,46,6,legacy,W,18,4,4,8.932167,5,8768,981620.697419,8622,8768,870,146,2296,160,
equal-depth,46,7,optimized,B,16,4,2,0.160542,3,429,2672197.929514,129,174,119,81,89,99999994,
equal-depth,46,8,legacy,W,8,2,4,0.005583,0,0,0.000000,0,0,0,0,0,-99999999,
equal-depth,46,9,optimized,B,11,3,2,0.009416,1,27,2867459.643161,24,1,1,0,0,99999996,
equal-depth,46,10,legacy,W,1,1,2,0.004500,0,0,0.000000,0,0,0,0,0,-99999999,
equal-depth,46,11,optimized,B,21,5,2,0.016041,1,45,2805311.389564,21,1,0,0,0,99999998,optimized-win
equal-depth,47,5,legacy,B,16,4,2,48.071667,5,45712,950913.559956,45488,45712,1228,224,5485,10010,
equal-depth,47,6,optimized,W,21,5,2,1.014875,4,2863,2821037.073531,990,1135,506,414,632,-99999993,
equal-depth,47,7,legacy,B,12,3,3,27.023250,5,26307,973495.045933,25990,26307,1021,317,3556,99999999,
equal-depth,47,8,optimized,W,8,2,4,0.016250,2,51,3138461.538462,1,27,27,24,1,-99999995,
equal-depth,47,9,legacy,B,18,4,4,0.216041,3,252,1166445.258076,209,252,151,43,72,99999999,
equal-depth,47,10,optimized,W,0,1,1,0.004250,1,25,5882352.941176,0,1,0,0,0,-99999997,
equal-depth,47,11,legacy,B,24,5,5,0.004209,0,0,0.000000,0,0,0,0,0,99999999,legacy-win
equal-depth,48,5,optimized,B,18,4,4,8.992708,5,26610,2959064.166211,17284,4314,1361,558,2917,770,
equal-depth,48,6,legacy,W,6,2,2,10.444708,5,9790,937316.773241,9692,9790,717,98,2302,-70,
equal-depth,48,7,optimized,B,13,3,4,7.260292,5,22615,3114888.492088,10449,4725,1763,1017,2967,760,
equal-depth,48,8,legacy,W,8,2,4,9.475666,5,9082,958455.057407,8866,9082,1025,216,2127,-280,
equal-depth,48,9,optimized,B,9,2,5,1.431875,5,3535,2468790.920995,929,1712,1043,439,1151,750,
equal-depth,48,10,legacy,W,19,4,5,0.008292,0,0,0.000000,0,0,0,0,0,-99999999,
equal-depth,48,11,optimized,B,17,4,3,2.004083,5,5160,2574743.660816,1269,1863,852,295,1399,740,
equal-depth,48,12,legacy,W,21,5,2,0.009000,0,0,0.000000,0,0,0,0,0,-99999999,
equal-depth,48,13,optimized,B,16,4,2,1.966084,5,6769,3442884.434236,918,1720,942,266,1217,99999992,
equal-depth,48,14,legacy,W,15,4,1,0.007958,0,0,0.000000,0,0,0,0,0,-99999999,
equal-depth,48,15,optimized,B,12,3,3,0.052292,3,159,3040618.067773,56,108,108,85,27,99999994,
equal-depth,48,16,legacy,W,11,3,2,0.007333,0,0,0.000000,0,0,0,0,0,-99999999,
equal-depth,48,17,optimized,B,7,2,3,0.009958,1,27,2711387.828881,22,1,1,0,0,99999996,
equal-depth,48,18,legacy,W,2,1,3,0.005916,0,0,0.000000,0,0,0,0,0,-99999999,
equal-depth,48,19,optimized,B,22,5,3,0.017875,1,48,2685314.685315,24,1,0,0,0,99999998,optimized-win
equal-depth,49,5,legacy,B,12,3,3,36.166333,5,35110,970792.366481,34791,35110,845,319,3688,5360,
equal-depth,49,6,optimized,W,18,4,4,8.010708,5,21904,2734340.085795,8753,5957,1825,1063,4241,-300,
equal-depth,49,7,legacy,B,17,4,3,35.641792,5,35012,982329.956922,34670,35012,1032,342,3749,9970,
equal-depth,49,8,optimized,W,7,2,3,1.635291,4,4231,2587307.090909,1755,1554,827,501,940,-99999993,
equal-depth,49,9,legacy,B,13,3,4,15.658333,5,15608,996785.545434,15188,15608,618,420,1243,99999999,
equal-depth,49,10,optimized,W,11,3,2,0.031458,2,51,1621209.231356,1,27,3,0,25,-99999995,
equal-depth,49,11,legacy,B,9,2,5,0.300208,3,321,1069258.647338,283,321,173,38,91,99999999,
equal-depth,49,12,optimized,W,19,4,5,0.009208,1,25,2715030.408341,0,1,0,0,0,-99999997,
equal-depth,49,13,legacy,B,21,5,2,0.004250,0,0,0.000000,0,0,0,0,0,99999999,legacy-win
equal-depth,50,5,optimized,B,12,3,3,8.578792,5,25710,2996925.441251,13818,5221,1684,898,3488,860,
equal-depth,50,6,legacy,W,3,1,4,11.045875,5,10698,968506.342866,10586,10698,1184,112,2398,-90,
equal-depth,50,7,optimized,B,1,1,2,1.491084,5,4016,2693342.561519,2229,1062,415,269,671,930,
equal-depth,50,8,legacy,W,16,4,2,13.309208,5,12961,973837.060778,12709,12961,1820,252,2721,410,
equal-depth,50,9,optimized,B,13,3,4,6.947416,5,19970,2874450.011342,13252,3260,1586,858,1751,99999992,
equal-depth,50,10,legacy,W,11,3,2,9.574083,5,9130,953616.132219,8991,9130,1242,139,2110,5170,
equal-depth,50,11,optimized,B,8,2,4,0.050166,3,161,3209344.974684,54,105,105,90,19,99999994,
equal-depth,50,12,legacy,W,23,5,4,0.009083,0,0,0.000000,0,0,0,0,0,-99999999,
equal-depth,50,13,optimized,B,7,2,3,0.010667,1,29,2718665.041717,23,1,1,0,0,99999996,
equal-depth,50,14,legacy,W,6,2,2,0.006042,0,0,0.000000,0,0,0,0,0,-99999999,
equal-depth,50,15,optimized,B,19,4,5,0.009375,1,25,2666666.666667,1,1,0,0,0,99999998,optimized-win
equal-depth,51,5,legacy,B,16,4,2,54.268041,5,53368,983414.897914,52987,53368,1907,381,6739,5490,
equal-depth,51,6,optimized,W,17,4,3,2.643458,5,7209,2727109.717650,3250,2450,1276,659,1555,-200,
equal-depth,51,7,legacy,B,8,2,4,29.207459,5,28335,970128.897553,27956,28335,1182,379,3227,5880,
equal-depth,51,8,optimized,W,3,1,4,1.005084,5,2778,2763948.087921,97,1566,1079,521,941,-430,
equal-depth,51,9,legacy,B,1,1,2,0.004667,0,0,0.000000,0,0,0,0,0,99999999,
equal-depth,51,10,optimized,W,12,3,3,0.573792,4,1815,3163167.140706,168,1120,699,606,454,-99999993,
equal-depth,51,11,legacy,B,7,2,3,0.006042,0,0,0.000000,0,0,0,0,0,99999999,
equal-depth,51,12,optimized,W,6,2,2,0.016709,2,77,4608294.930876,25,27,27,24,0,-99999995,
equal-depth,51,13,legacy,B,13,3,4,1.198583,3,1135,946951.525259,1135,1135,2,0,72,99999999,
equal-depth,51,14,optimized,W,19,4,5,0.009167,1,25,2727173.557325,0,1,0,0,0,-99999997,
equal-depth,51,15,legacy,B,23,5,4,0.004583,0,0,0.000000,0,0,0,0,0,99999999,legacy-win
equal-depth,52,5,optimized,B,18,4,4,8.063958,5,23267,2885307.686374,15752,3699,1293,500,2453,1170,
equal-depth,52,6,legacy,W,15,4,1,10.293000,5,9823,954337.899543,9698,9823,991,125,2389,350,
equal-depth,52,7,optimized,B,12,3,3,7.191083,5,20418,2839349.789176,10508,4072,1400,695,2753,1510,
equal-depth,52,8,legacy,W,5,2,1,15.977958,5,15348,960573.309806,14868,15348,1678,480,3650,530,
equal-depth,52,9,optimized,B,10,3,1,0.103959,3,214,2058503.833242,48,124,101,50,76,99999994,
equal-depth,52,10,legacy,W,6,2,2,7.954375,4,8196,1030376.365208,8128,8196,510,68,1515,99999999,
equal-depth,52,11,optimized,B,13,3,4,0.013208,1,33,2498485.766202,24,1,1,0,0,99999996,
equal-depth,52,12,legacy,W,8,2,4,0.006209,0,0,0.000000,0,0,0,0,0,-99999999,
equal-depth,52,13,optimized,B,11,3,2,0.005750,1,24,4173913.043478,0,1,0,0,0,99999998,optimized-win
equal-depth,53,5,legacy,B,18,4,4,50.614875,5,48702,962207.256266,48399,48702,1492,303,5772,5480,
equal-depth,53,6,optimized,W,16,4,2,3.534375,5,9606,2717877.984085,3658,3315,1466,778,2226,-360,
equal-depth,53,7,legacy,B,12,3,3,28.651792,5,28226,985139.079608,27838,28226,968,388,2896,10360,
equal-depth,53,8,optimized,W,6,2,2,1.362959,4,3591,2634708.747659,1481,1422,783,602,717,-99999993,
equal-depth,53,9,legacy,B,11,3,2,28.165250,5,27647,981599.666255,27361,27647,797,286,2502,99999999,
equal-depth,53,10,optimized,W,7,2,3,0.025875,2,83,3207729.468599,50,27,27,24,0,-99999995,
equal-depth,53,11,legacy,B,13,3,4,0.289541,3,325,1122466.248303,282,325,175,43,95,99999999,
equal-depth,53,12,optimized,W,8,2,4,0.005625,1,25,4444444.444444,0,1,0,0,0,-99999997,
equal-depth,53,13,legacy,B,10,3,1,0.002000,0,0,0.000000,0,0,0,0,0,99999999,legacy-win
equal-depth,54,5,optimized,B,3,1,4,7.132459,5,21023,2947510.809386,11524,3960,1510,768,2519,170,
equal-depth,54,6,legacy,W,1,1,2,9.010583,5,8686,963977.580585,8627,8686,663,59,2180,-4840,
equal-depth,54,7,optimized,B,19,4,5,4.699833,5,13811,2938615.052918,7020,2786,1209,566,1757,50,
equal-depth,54,8,legacy,W,9,2,5,8.063750,5,7707,955758.797086,7438,7707,962,269,1921,-5190,
equal-depth,54,9,optimized,B,6,2,2,2.942417,5,7368,2504063.835955,2737,3207,1555,948,2028,-170,
equal-depth,54,10,legacy,W,16,4,2,12.891083,5,12619,978893.705052,12005,12619,1427,614,2822,-5360,
equal-depth,54,11,optimized,B,8,2,4,2.184000,5,4913,2249542.124542,1798,2251,1147,468,1621,-180,
equal-depth,54,12,legacy,W,13,3,4,7.581125,5,7148,942867.978038,6866,7148,1071,282,1914,-5240,
equal-depth,54,13,optimized,B,17,4,3,3.753125,5,9609,2560266.444629,5689,2400,1171,509,1564,-20,
equal-depth,54,14,legacy,W,12,3,3,14.848125,5,13551,912640.484910,13166,13551,1411,385,2700,-1540,
equal-depth,54,15,optimized,B,12,3,3,5.626000,5,15593,2771596.160683,7839,4233,2137,1344,2371,-10,
equal-depth,54,16,legacy,W,7,2,3,7.097333,5,6602,930208.572713,6247,6602,1017,355,1755,-5350,
equal-depth,54,17,optimized,B,17,4,3,1.978167,5,4739,2395652.136549,2085,2274,1367,850,1267,90,
equal-depth,54,18,legacy,W,17,4,3,7.509541,5,7034,936675.091061,6684,7034,1041,350,1780,-9530,
equal-depth,54,19,optimized,B,8,2,4,5.987458,5,16607,2773631.146974,10391,4224,2333,1622,2057,-4180,
equal-depth,54,20,legacy,W,8,2,4,7.815708,5,7218,923524.778561,6896,7218,1165,322,1796,-10390,
equal-depth,54,21,optimized,B,22,5,3,5.426708,5,16351,3013060.588482,5808,4530,2568,1686,2297,-4770,
equal-depth,54,22,legacy,W,10,3,1,7.920500,5,7564,954990.215264,7010,7564,1272,554,2082,-14820,
equal-depth,54,23,optimized,B,11,3,2,2.034042,5,5431,2670053.027420,2201,1906,939,662,1066,610,
equal-depth,54,24,legacy,W,13,3,4,8.193333,5,7713,941375.140007,7449,7713,1039,264,1851,-14830,
equal-depth,54,25,optimized,B,23,5,4,0.095416,3,337,3531902.406305,78,110,105,83,24,99999994,
equal-depth,54,26,legacy,W,5,2,1,0.006041,0,0,0.000000,0,0,0,0,0,-99999999,
equal-depth,54,27,optimized,B,21,5,2,0.010958,1,28,2555210.804891,24,1,1,0,0,99999996,
equal-depth,54,28,legacy,W,20,5,1,0.009292,0,0,0.000000,0,0,0,0,0,-99999999,
equal-depth,54,29,optimized,B,24,5,5,0.008125,1,25,3076923.076923,1,1,0,0,0,99999998,optimized-win
equal-depth,55,5,legacy,B,3,1,4,49.602708,5,47612,959866.949200,47175,47612,1295,437,5914,200,
equal-depth,55,6,optimized,W,1,1,2,3.574292,5,10706,2995278.505505,3782,2727,1097,436,1938,630,
equal-depth,55,7,legacy,B,19,4,5,44.841917,5,42859,955779.834301,42356,42859,1310,503,4540,50,
equal-depth,55,8,optimized,W,9,2,5,3.027334,5,8146,2690816.408100,2873,2687,1205,608,1806,890,
equal-depth,55,9,legacy,B,6,2,2,36.797500,5,35000,951151.572797,34518,35000,1044,482,3033,-170,
equal-depth,55,10,optimized,W,7,2,3,9.917792,5,26390,2660874.517231,16188,4718,1597,899,3000,1270,
equal-depth,55,11,legacy,B,7,2,3,37.964708,5,36557,962920.615641,36018,36557,1644,539,3613,-70,
equal-depth,55,12,optimized,W,2,1,3,8.417167,5,22530,2676672.566910,14178,5284,2395,1562,3036,4860,
equal-depth,55,13,legacy,B,12,3,3,23.861375,5,22681,950531.978983,22297,22681,753,384,2171,150,
equal-depth,55,14,optimized,W,17,4,3,6.542208,5,18766,2868450.529240,11463,3890,2088,1231,2050,5050,
equal-depth,55,15,legacy,B,22,5,3,0.010041,0,0,0.000000,0,0,0,0,0,99999999,
equal-depth,55,16,optimized,W,1,1,2,8.900666,5,25741,2892030.776124,10655,5173,2164,1178,3174,4850,
equal-depth,55,17,legacy,B,12,3,3,94.468791,5,87335,924485.209089,86876,87335,1666,459,6679,340,
equal-depth,55,18,optimized,W,13,3,4,5.026250,5,13685,2722705.794578,7056,3001,1256,543,2038,9550,
equal-depth,55,19,legacy,B,21,5,2,0.010541,0,0,0.000000,0,0,0,0,0,99999999,
equal-depth,55,20,optimized,W,13,3,4,3.418625,5,10414,3046253.976379,2946,2310,1295,509,1465,13820,
equal-depth,55,21,legacy,B,19,4,5,0.009583,0,0,0.000000,0,0,0,0,0,99999999,
equal-depth,55,22,optimized,W,13,3,4,3.224042,5,10111,3136125.397870,2424,2564,1510,720,1514,13400,
equal-depth,55,23,legacy,B,13,3,4,0.008875,0,0,0.000000,0,0,0,0,0,99999999,
equal-depth,55,24,optimized,W,1,1,2,2.055792,5,5143,2501712.235479,746,2509,1415,765,1578,4570,
equal-depth,55,25,legacy,B,1,1,2,0.005750,0,0,0.000000,0,0,0,0,0,99999999,
equal-depth,55,26,optimized,W,23,5,4,2.043583,5,4667,2283734.010314,990,2575,1376,689,1729,-4200,
equal-depth,55,27,legacy,B,7,2,3,63.939875,5,58597,916439.076554,58368,58597,756,229,5560,10940,
equal-depth,55,28,optimized,W,17,4,3,0.884583,5,1974,2231559.955369,675,887,363,200,630,-4970,
equal-depth,55,29,legacy,B,17,4,3,41.393500,5,37503,906011.813449,37120,37503,1096,383,3977,15010,
equal-depth,55,30,optimized,W,2,1,3,0.330708,4,1229,3716269.337301,473,470,422,354,81,-99999993,
equal-depth,55,31,legacy,B,22,5,3,43.061291,5,38749,899856.903965,38478,38749,1081,271,5072,99999999,
equal-depth,55,32,optimized,W,22,5,3,0.037792,2,51,1349491.955970,1,27,3,0,25,-99999995,
equal-depth,55,33,legacy,B,12,3,3,0.479500,3,467,973931.178311,426,467,221,41,137,99999999,
equal-depth,55,34,optimized,W,7,2,3,0.005708,1,25,4379817.799580,0,1,0,0,0,-99999997,
equal-depth,55,35,legacy,B,12,3,3,0.002458,0,0,0.000000,0,0,0,0,0,99999999,legacy-win
equal-depth,56,5,optimized,B,23,5,4,11.589375,5,35607,3072383.109529,17499,7524,2769,1653,4757,270,
equal-depth,56,6,legacy,W,22,5,3,12.623083,5,11820,936379.805155,11736,11820,982,84,2459,-420,
equal-depth,56,7,optimized,B,17,4,3,5.899916,5,17794,3015975.142697,9792,3005,1119,400,2020,300,
equal-depth,56,8,legacy,W,11,3,2,13.466125,5,12534,930780.012810,12402,12534,1071,132,2585,-420,
equal-depth,56,9,optimized,B,13,3,4,4.871208,5,14591,2995355.566833,7072,2486,931,301,1716,260,
equal-depth,56,10,legacy,W,9,2,5,0.006333,0,0,0.000000,0,0,0,0,0,-99999999,
equal-depth,56,11,optimized,B,6,2,2,2.077791,5,5570,2680731.603900,1344,2781,1634,1001,1596,410,
equal-depth,56,12,legacy,W,15,4,1,17.526459,5,15963,910794.359545,15923,15963,1313,40,2831,-490,
equal-depth,56,13,optimized,B,3,1,4,1.837458,5,4668,2540466.231065,2367,1453,623,373,936,680,
equal-depth,56,14,legacy,W,18,4,4,18.083375,5,16565,916034.755680,16426,16565,1461,139,3004,-370,
equal-depth,56,15,optimized,B,13,3,4,6.450583,5,17700,2743938.028547,11581,3270,1351,763,1917,5030,
equal-depth,56,16,legacy,W,13,3,4,18.118917,5,16185,893265.309400,15925,16185,1546,260,2903,-80,
equal-depth,56,17,optimized,B,23,5,4,11.515958,5,30861,2679846.522539,16458,7557,3016,1921,4684,4890,
equal-depth,56,18,legacy,W,18,4,4,28.567333,5,25683,899033.872010,25459,25683,1388,224,3698,-560,
equal-depth,56,19,optimized,B,23,5,4,2.395250,5,6046,2524162.404759,2954,1821,1041,471,1150,4750,
equal-depth,56,20,legacy,W,23,5,4,0.010042,0,0,0.000000,0,0,0,0,0,-99999999,
equal-depth,56,21,optimized,B,22,5,3,3.715167,5,10015,2695706.545628,3458,3432,1917,1187,1925,4750,
equal-depth,56,22,legacy,W,18,4,4,12.281375,5,10619,864642.599058,10616,10619,510,3,1647,-930,
equal-depth,56,23,optimized,B,18,4,4,1.473583,5,3706,2514958.438038,1325,1541,864,645,784,4630,
equal-depth,56,24,legacy,W,17,4,3,19.993667,5,17801,890331.923604,17545,17801,1155,256,2894,-4950,
equal-depth,56,25,optimized,B,21,5,2,2.850458,5,7771,2726228.556955,1592,2946,1352,839,1872,-420,
equal-depth,56,26,legacy,W,16,4,2,4.485458,5,4027,897790.147628,3981,4027,801,46,1364,-10840,
equal-depth,56,27,optimized,B,15,4,1,0.267750,4,932,3480859.010271,87,363,316,261,75,-99999993,
equal-depth,56,28,legacy,W,16,4,2,7.321833,5,6831,932963.098175,6719,6831,831,112,1591,-99999999,
equal-depth,56,29,optimized,B,16,4,2,0.013042,2,52,3987118.540101,1,27,27,24,1,-99999995,
equal-depth,56,30,legacy,W,17,4,3,0.174041,3,202,1160646.054665,154,202,126,48,24,-99999999,
equal-depth,56,31,optimized,B,15,4,1,0.007541,1,25,3315210.184326,0,1,0,0,0,-99999997,
equal-depth,56,32,legacy,W,15,4,1,0.003042,0,0,0.000000,0,0,0,0,0,-99999999,legacy-win
equal-depth,57,5,legacy,B,23,5,4,54.816042,5,51853,945945.714213,51539,51853,1431,314,6386,4850,
equal-depth,57,6,optimized,W,22,5,3,2.862416,5,7299,2549943.823679,3235,2539,1232,610,1700,350,
equal-depth,57,7,legacy,B,17,4,3,28.812875,5,27496,954295.605697,27055,27496,996,441,2655,4840,
equal-depth,57,8,optimized,W,11,3,2,6.045458,5,16867,2790028.480886,8075,3906,1011,422,2961,160,
equal-depth,57,9,legacy,B,13,3,4,60.444500,5,54312,898543.291780,53887,54312,994,425,4421,600,
equal-depth,57,10,optimized,W,9,2,5,0.875541,5,1825,2084425.515196,507,868,244,91,718,470,
equal-depth,57,11,legacy,B,8,2,4,26.132792,5,23710,907289.202011,23171,23710,1261,539,3211,440,
equal-depth,57,12,optimized,W,18,4,4,1.228500,5,3034,2469678.469678,1315,990,330,184,708,660,
equal-depth,57,13,legacy,B,1,1,2,71.178042,5,60965,856514.148001,60419,60965,1772,546,7366,220,
equal-depth,57,14,optimized,W,7,2,3,9.654917,5,26272,2721100.554256,13430,6015,2317,1572,3603,5110,
equal-depth,57,15,legacy,B,7,2,3,101.439000,5,82703,815297.863741,82298,82703,2090,405,9601,470,
equal-depth,57,16,optimized,W,18,4,4,9.000708,5,23298,2588463.040907,12433,5546,2279,1495,3302,5010,
equal-depth,57,17,legacy,B,15,4,1,65.484375,5,53819,821860.176569,53479,53819,1110,340,5455,4570,
equal-depth,57,18,optimized,W,5,2,1,4.723125,5,12407,2626862.511579,6062,4108,2473,1614,2096,580,
equal-depth,57,19,legacy,B,11,3,2,72.801625,5,56636,777949.668019,56250,56636,1678,386,7548,5030,
equal-depth,57,20,optimized,W,17,4,3,8.382500,5,21365,2548762.302416,11089,4794,2368,1458,2659,4870,
equal-depth,57,21,legacy,B,16,4,2,29.676458,5,23407,788739.680456,22875,23407,1035,532,2265,4700,
equal-depth,57,22,optimized,W,12,3,3,9.010542,5,21200,2352799.642907,12656,4325,1644,915,2715,99999992,
equal-depth,57,23,legacy,B,21,5,2,40.948000,5,32316,789196.053531,31655,32316,1875,661,6610,3060,
equal-depth,57,24,optimized,W,12,3,3,0.352375,3,826,2344093.650231,434,148,106,73,59,99999994,
equal-depth,57,25,legacy,B,22,5,3,0.010958,0,0,0.000000,0,0,0,0,0,99999999,
equal-depth,57,26,optimized,W,12,3,3,0.015250,1,36,2360655.737705,23,1,1,0,0,99999996,
equal-depth,57,27,legacy,B,7,2,3,0.008417,0,0,0.000000,0,0,0,0,0,99999999,
equal-depth,57,28,optimized,W,12,3,3,0.018250,1,43,2356164.383562,19,1,0,0,0,99999998,optimized-win
equal-depth,58,5,optimized,B,1,1,2,4.334417,5,11746,2709937.691736,6190,2616,1130,425,1818,660,
equal-depth,58,6,legacy,W,13,3,4,12.172417,5,10537,865645.664292,10443,10537,786,94,2462,-160,
equal-depth,58,7,optimized,B,16,4,2,8.925708,5,23073,2585005.021450,11797,4948,1939,1125,3107,1040,
equal-depth,58,8,legacy,W,18,4,4,14.090333,5,12428,882023.157295,12081,12428,1339,347,2726,-4910,
equal-depth,58,9,optimized,B,8,2,4,0.065542,3,139,2120777.516707,24,99,99,70,33,99999994,
equal-depth,58,10,legacy,W,12,3,3,12.035916,4,10882,904127.280383,10832,10882,371,50,1084,99999999,
equal-depth,58,11,optimized,B,6,2,2,0.013667,1,27,1975561.571669,22,1,1,0,0,99999996,
equal-depth,58,12,legacy,W,7,2,3,0.006708,0,0,0.000000,0,0,0,0,0,-99999999,
equal-depth,58,13,optimized,B,11,3,2,0.019792,1,48,2425222.312045,0,1,0,0,0,99999998,optimized-win
equal-depth,59,5,legacy,B,1,1,2,23.070167,5,21195,918718.967227,20652,21195,838,543,2816,4840,
equal-depth,59,6,optimized,W,13,3,4,8.144667,5,20225,2483220.001505,11354,4007,1581,777,2562,-10,
equal-depth,59,7,legacy,B,12,3,3,100.079958,5,82250,821842.870877,81896,82250,2017,354,8864,5450,
equal-depth,59,8,optimized,W,7,2,3,5.971917,5,15419,2581918.000535,6986,2968,1189,523,1915,-380,
equal-depth,59,9,legacy,B,16,4,2,33.769834,5,27687,819873.737016,27218,27687,1523,469,3708,10110,
equal-depth,59,10,optimized,W,15,4,1,0.773542,4,1507,1948181.223515,40,1169,603,505,618,-99999993,
equal-depth,59,11,legacy,B,11,3,2,0.007875,0,0,0.000000,0,0,0,0,0,99999999,
equal-depth,59,12,optimized,W,6,2,2,0.000041,1,0,0.000000,0,1,1,1,0,-99999995,
equal-depth,59,13,legacy,B,8,2,4,1.598416,3,1298,812053.933394,1298,1298,3,0,72,99999999,
equal-depth,59,14,optimized,W,4,1,5,0.011750,1,25,2127659.574468,0,1,0,0,0,-99999997,
equal-depth,59,15,legacy,B,20,5,1,0.003958,0,0,0.000000,0,0,0,0,0,99999999,legacy-win
equal-depth,60,5,optimized,B,12,3,3,6.243542,5,16955,2715605.981348,8491,3028,1152,484,2012,900,
equal-depth,60,6,legacy,W,10,3,1,11.680750,5,9625,824005.307878,9554,9625,985,71,2272,-270,
equal-depth,60,7,optimized,B,10,3,1,1.659084,5,4020,2423023.789031,1726,1292,623,371,802,99999992,
equal-depth,60,8,legacy,W,0,1,1,13.438584,5,11338,843690.079252,11137,11338,1836,201,2736,4700,
equal-depth,60,9,optimized,B,16,4,2,0.312750,3,834,2666666.666667,574,127,105,74,35,99999994,
equal-depth,60,10,legacy,W,11,3,2,0.006834,0,0,0.000000,0,0,0,0,0,-99999999,
equal-depth,60,11,optimized,B,8,2,4,0.012333,1,29,2351414.903105,24,1,1,0,0,99999996,
equal-depth,60,12,legacy,W,4,1,5,0.005625,0,0,0.000000,0,0,0,0,0,-99999999,
equal-depth,60,13,optimized,B,20,5,1,0.017959,1,43,2394342.669414,19,1,0,0,0,99999998,optimized-win
equal-depth,61,5,legacy,B,16,4,2,41.072417,5,35579,866250.457089,35116,35579,884,463,3416,5660,
equal-depth,61,6,optimized,W,11,3,2,1.291458,5,2891,2238555.183366,1295,985,340,158,735,-80,
equal-depth,61,7,legacy,B,12,3,3,48.253209,5,40011,829188.375845,39340,40011,2324,671,6556,10120,
equal-depth,61,8,optimized,W,10,3,1,1.217375,4,2413,1982133.689290,351,1443,605,462,915,-99999993,
equal-depth,61,9,legacy,B,10,3,1,0.007583,0,0,0.000000,0,0,0,0,0,99999999,
equal-depth,61,10,optimized,W,5,2,1,0.013833,2,51,3686835.827369,25,27,27,24,1,-99999995,
equal-depth,61,11,legacy,B,18,4,4,1.528375,3,1278,836182.219678,1278,1278,3,0,114,99999999,
equal-depth,61,12,optimized,W,0,1,1,0.004833,1,25,5172770.535899,0,1,0,0,0,-99999997,
equal-depth,61,13,legacy,B,24,5,5,0.005125,0,0,0.000000,0,0,0,0,0,99999999,legacy-win
equal-depth,62,5,optimized,B,7,2,3,0.009542,1,18,1886396.981765,14,1,0,0,0,99999996,
equal-depth,62,6,legacy,W,2,1,3,0.005042,0,0,0.000000,0,0,0,0,0,-99999999,
equal-depth,62,7,optimized,B,22,5,3,0.012542,1,29,2312230.904162,1,1,0,0,0,99999998,optimized-win
equal-depth,63,5,legacy,B,7,2,3,1.240500,3,1070,862555.421201,1070,1070,2,0,99,99999999,
equal-depth,63,6,optimized,W,2,1,3,0.003875,1,15,3870967.741935,0,1,0,0,0,-99999997,
equal-depth,63,7,legacy,B,22,5,3,0.004625,0,0,0.000000,0,0,0,0,0,99999999,legacy-win
equal-depth,64,5,optimized,B,11,3,2,8.097625,5,20346,2512588.567636,11330,4149,1609,824,2678,810,
equal-depth,64,6,legacy,W,17,4,3,17.378625,5,14290,822274.489495,14194,14290,949,96,2709,-400,
equal-depth,64,7,optimized,B,21,5,2,4.491042,5,10900,2427053.677075,2807,3649,1467,813,2466,820,
equal-depth,64,8,legacy,W,16,4,2,17.877500,5,14774,826401.901832,14447,14774,1149,327,2892,-4420,
equal-depth,64,9,optimized,B,12,3,3,0.855208,5,1624,1898953.237107,192,829,343,191,581,50,
equal-depth,64,10,legacy,W,18,4,4,10.833833,5,8719,804793.649671,8625,8719,1012,94,1833,50,
equal-depth,64,11,optimized,B,19,4,5,0.826833,5,1508,1823826.576830,35,854,406,250,556,99999992,
equal-depth,64,12,legacy,W,13,3,4,11.787583,5,9645,818233.899180,9424,9645,1216,221,2107,30,
equal-depth,64,13,optimized,B,3,1,4,0.052958,3,165,3115676.573889,26,99,99,90,12,99999994,
equal-depth,64,14,legacy,W,7,2,3,0.007208,0,0,0.000000,0,0,0,0,0,-99999999,
equal-depth,64,15,optimized,B,22,5,3,0.011458,1,27,2356432.187118,24,1,1,0,0,99999996,
equal-depth,64,16,legacy,W,20,5,1,0.009875,0,0,0.000000,0,0,0,0,0,-99999999,
equal-depth,64,17,optimized,B,24,5,5,0.019500,1,48,2461538.461538,24,1,0,0,0,99999998,optimized-win
equal-depth,65,5,legacy,B,22,5,3,46.199708,5,38253,827992.246185,37845,38253,994,408,3992,5140,
equal-depth,65,6,optimized,W,21,5,2,3.526625,5,8406,2383582.036650,3145,2450,1085,482,1694,230,
equal-depth,65,7,legacy,B,17,4,3,48.106166,5,39276,816444.195532,38795,39276,1465,481,5078,4800,
equal-depth,65,8,optimized,W,12,3,3,1.765959,5,3759,2128588.489314,672,1623,909,221,1273,460,
equal-depth,65,9,legacy,B,16,4,2,0.008542,0,0,0.000000,0,0,0,0,0,99999999,
equal-depth,65,10,optimized,W,18,4,4,0.341958,4,1054,3082249.866943,449,390,317,262,98,-99999993,
equal-depth,65,11,legacy,B,5,2,1,39.213083,5,31433,801594.712663,31139,31433,959,294,4225,99999999,
equal-depth,65,12,optimized,W,11,3,2,0.017000,2,51,3000000.000000,1,27,27,24,1,-99999995,
equal-depth,65,13,legacy,B,10,3,1,0.451083,3,398,882320.991924,355,398,199,43,118,99999999,
equal-depth,65,14,optimized,W,0,1,1,0.004750,1,25,5263157.894737,0,1,0,0,0,-99999997,
equal-depth,65,15,legacy,B,20,5,1,0.004583,0,0,0.000000,0,0,0,0,0,99999999,legacy-win
equal-depth,66,5,optimized,B,12,3,3,6.116416,5,16488,2695696.303195,10748,2743,1192,555,1663,440,
equal-depth,66,6,legacy,W,5,2,1,13.554416,5,11329,835816.165005,11252,11329,1108,77,2733,-520,
equal-depth,66,7,optimized,B,11,3,2,4.346167,5,12085,2780611.053372,5419,1950,947,237,1334,99999992,
equal-depth,66,8,legacy,W,13,3,4,0.008333,0,0,0.000000,0,0,0,0,0,-99999999,
equal-depth,66,9,optimized,B,6,2,2,0.077333,3,221,2857770.938668,83,113,113,93,22,99999994,
equal-depth,66,10,legacy,W,18,4,4,0.008958,0,0,0.000000,0,0,0,0,0,-99999999,
equal-depth,66,11,optimized,B,16,4,2,0.012083,1,29,2400066.208723,24,1,1,0,0,99999996,
equal-depth,66,12,legacy,W,1,1,2,0.005666,0,0,0.000000,0,0,0,0,0,-99999999,
equal-depth,66,13,optimized,B,21,5,2,0.018458,1,43,2329613.175859,19,1,0,0,0,99999998,optimized-win
equal-depth,67,5,legacy,B,12,3,3,53.052292,5,44584,840378.394962,44105,44584,1898,479,6557,5050,
equal-depth,67,6,optimized,W,5,2,1,8.049125,5,19752,2453931.327939,13202,3194,1087,362,2184,420,
equal-depth,67,7,legacy,B,6,2,2,43.565833,5,36671,841737.606624,36396,36671,1447,275,4837,9450,
equal-depth,67,8,optimized,W,18,4,4,0.393500,4,1277,3245235.069886,363,496,399,308,151,-99999993,
equal-depth,67,9,legacy,B,11,3,2,31.567500,5,26587,842226.973945,26334,26587,941,253,3354,99999999,
equal-depth,67,10,optimized,W,13,3,4,0.024166,2,51,2110403.045601,1,27,27,24,1,-99999995,
equal-depth,67,11,legacy,B,16,4,2,2.352666,3,1921,816520.492072,1886,1921,167,35,170,99999999,
equal-depth,67,12,optimized,W,1,1,2,0.005708,1,25,4379817.799580,0,1,0,0,0,-99999997,
equal-depth,67,13,legacy,B,21,5,2,0.004375,0,0,0.000000,0,0,0,0,0,99999999,legacy-win
equal-depth,68,5,optimized,B,13,3,4,6.916667,5,17374,2511903.493402,11843,2852,1229,439,1830,99999992,
equal-depth,68,6,legacy,W,10,3,1,10.349208,5,8877,857746.795697,8692,8877,1168,185,2149,20,
equal-depth,68,7,optimized,B,18,4,4,0.418000,3,1031,2466507.177033,644,150,79,46,81,99999994,
equal-depth,68,8,legacy,W,8,2,4,0.006459,0,0,0.000000,0,0,0,0,0,-99999999,
equal-depth,68,9,optimized,B,6,2,2,0.011875,1,29,2442105.263158,24,1,1,0,0,99999996,
equal-depth,68,10,legacy,W,0,1,1,0.005084,0,0,0.000000,0,0,0,0,0,-99999999,
equal-depth,68,11,optimized,B,24,5,5,0.006208,1,25,4027061.855670,1,1,0,0,0,99999998,optimized-win
equal-depth,69,5,legacy,B,13,3,4,49.115750,5,41308,841033.680642,41009,41308,1384,299,5204,9870,
equal-depth,69,6,optimized,W,11,3,2,2.060583,4,4800,2329437.833856,1842,1639,786,583,917,-99999993,
equal-depth,69,7,legacy,B,18,4,4,20.736208,5,18794,906337.359270,18268,18794,1256,526,2176,99999999,
equal-depth,69,8,optimized,W,8,2,4,0.026875,2,77,2865116.279070,23,27,27,24,0,-99999995,
equal-depth,69,9,legacy,B,6,2,2,0.237125,3,252,1062730.627306,206,252,151,46,72,99999999,
equal-depth,69,10,optimized,W,0,1,1,0.004833,1,25,5172770.535899,0,1,0,0,0,-99999997,
equal-depth,69,11,legacy,B,24,5,5,0.004916,0,0,0.000000,0,0,0,0,0,99999999,legacy-win
equal-depth,70,5,optimized,B,8,2,4,8.219708,5,21107,2567852.775305,15535,3020,1247,456,1859,99999992,
equal-depth,70,6,legacy,W,12,3,3,10.978208,5,8887,809512.809377,8780,8887,942,107,2183,220,
equal-depth,70,7,optimized,B,6,2,2,0.159791,3,348,2177844.809783,98,150,118,76,72,99999994,
equal-depth,70,8,legacy,W,7,2,3,12.802750,4,11025,861143.113784,10929,11025,460,96,1275,99999999,
equal-depth,70,9,optimized,B,11,3,2,0.013958,1,29,2077661.556097,24,1,1,0,0,99999996,
equal-depth,70,10,legacy,W,1,1,2,0.005583,0,0,0.000000,0,0,0,0,0,-99999999,
equal-depth,70,11,optimized,B,21,5,2,0.018375,1,44,2394557.823129,20,1,0,0,0,99999998,optimized-win
equal-depth,71,5,legacy,B,8,2,4,56.521417,5,46873,829296.264812,46542,46873,1584,331,5739,9890,
equal-depth,71,6,optimized,W,12,3,3,1.111667,4,2849,2562817.822244,830,1168,631,517,562,-99999993,
equal-depth,71,7,legacy,B,18,4,4,30.623042,5,25635,837114.745165,25328,25635,1146,307,2677,99999999,
equal-depth,71,8,optimized,W,13,3,4,0.038417,2,51,1327537.288180,1,27,3,0,25,-99999995,
equal-depth,71,9,legacy,B,17,4,3,0.782542,3,656,838293.663471,632,656,144,24,95,99999999,
equal-depth,71,10,optimized,W,15,4,1,0.008875,1,25,2816901.408451,0,1,0,0,0,-99999997,
equal-depth,71,11,legacy,B,19,4,5,0.004125,0,0,0.000000,0,0,0,0,0,99999999,legacy-win
equal-depth,72,5,optimized,B,12,3,3,7.906250,5,19842,2509660.079051,13636,3693,1487,772,2242,99999992,
equal-depth,72,6,legacy,W,16,4,2,12.945916,5,10605,819177.260226,10465,10605,878,140,2445,-190,
equal-depth,72,7,optimized,B,6,2,2,0.322375,3,784,2431950.368360,646,123,99,67,36,99999994,
equal-depth,72,8,legacy,W,18,4,4,6.691208,4,6029,901033.116890,5947,6029,435,82,1084,99999999,
equal-depth,72,9,optimized,B,7,2,3,0.013209,1,28,2119766.825649,24,1,1,0,0,99999996,
equal-depth,72,10,legacy,W,5,2,1,0.006083,0,0,0.000000,0,0,0,0,0,-99999999,
equal-depth,72,11,optimized,B,9,2,5,0.011167,1,23,2059640.010746,0,1,0,0,0,99999998,optimized-win
equal-depth,73,5,legacy,B,12,3,3,44.981250,5,38177,848731.415868,37918,38177,988,259,3897,9620,
equal-depth,73,6,optimized,W,16,4,2,1.464916,4,3748,2558508.474206,1587,1311,687,552,639,-99999993,
equal-depth,73,7,legacy,B,6,2,2,46.226333,5,38930,842160.679282,38585,38930,1447,345,4241,99999999,
equal-depth,73,8,optimized,W,7,2,3,0.037916,2,77,2030804.937230,49,27,27,24,0,-99999995,
equal-depth,73,9,legacy,B,18,4,4,1.735208,3,1492,859839.281516,1445,1492,113,47,134,99999999,
equal-depth,73,10,optimized,W,0,1,1,0.005375,1,25,4651162.790698,0,1,0,0,0,-99999997,
equal-depth,73,11,legacy,B,24,5,5,0.005292,0,0,0.000000,0,0,0,0,0,99999999,legacy-win
equal-depth,74,5,optimized,B,8,2,4,0.288292,3,642,2226908.828549,489,118,63,19,86,99999994,
equal-depth,74,6,legacy,W,16,4,2,7.442750,4,6562,881663.363676,6561,6562,228,1,989,99999999,
equal-depth,74,7,optimized,B,7,2,3,0.012667,1,27,2131522.854662,24,1,1,0,0,99999996,
equal-depth,74,8,legacy,W,5,2,1,0.006166,0,0,0.000000,0,0,0,0,0,-99999999,
equal-depth,74,9,optimized,B,9,2,5,0.019000,1,45,2368421.052632,21,1,0,0,0,99999998,optimized-win
equal-depth,75,5,legacy,B,8,2,4,46.342416,5,40165,866700.605337,39824,40165,1400,341,4676,99999999,
equal-depth,75,6,optimized,W,16,4,2,0.063125,2,116,1837623.762376,62,27,1,0,24,-99999995,
equal-depth,75,7,legacy,B,7,2,3,0.725542,3,661,911043.054709,624,661,155,37,112,99999999,
equal-depth,75,8,optimized,W,5,2,1,0.005584,1,25,4477077.363897,0,1,0,0,0,-99999997,
equal-depth,75,9,legacy,B,9,2,5,0.002084,0,0,0.000000,0,0,0,0,0,99999999,legacy-win
equal-depth,76,5,optimized,B,1,1,2,9.518667,5,26375,2770871.173453,15584,5063,2047,1168,3038,440,
equal-depth,76,6,legacy,W,3,1,4,13.592334,5,12043,886014.131201,11849,12043,1160,194,2572,-570,
equal-depth,76,7,optimized,B,1,1,2,4.778625,5,13662,2858981.401554,7017,2081,988,321,1306,450,
equal-depth,76,8,legacy,W,1,1,2,0.004792,0,0,0.000000,0,0,0,0,0,-99999999,
equal-depth,76,9,optimized,B,5,2,1,4.876333,5,13641,2797388.939599,5050,3175,1455,697,2023,-120,
equal-depth,76,10,legacy,W,18,4,4,9.500459,5,8069,849327.385129,8062,8069,817,7,1935,-9960,
equal-depth,76,11,optimized,B,8,2,4,0.400125,4,1185,2961574.507966,621,440,367,282,124,-99999993,
equal-depth,76,12,legacy,W,12,3,3,8.183208,5,7139,872396.253401,7027,7139,924,112,1823,-99999999,
equal-depth,76,13,optimized,B,24,5,5,0.015875,2,51,3212598.425197,1,27,27,24,1,-99999995,
equal-depth,76,14,legacy,W,11,3,2,0.189250,3,202,1067371.202114,154,202,126,48,24,-99999999,
equal-depth,76,15,optimized,B,10,3,1,0.007042,1,25,3550127.804601,0,1,0,0,0,-99999997,
equal-depth,76,16,legacy,W,14,3,5,0.003250,0,0,0.000000,0,0,0,0,0,-99999999,legacy-win
equal-depth,77,5,legacy,B,3,1,4,30.543334,5,27268,892764.358992,26770,27268,889,498,3226,4820,
equal-depth,77,6,optimized,W,2,1,3,1.614875,5,4074,2522795.882034,1804,1133,376,204,805,390,
equal-depth,77,7,legacy,B,1,1,2,35.019834,5,30775,878787.717840,30315,30775,1473,460,4044,4990,
equal-depth,77,8,optimized,W,12,3,3,3.420792,5,8227,2404998.608509,2914,3809,2087,1250,2329,780,
equal-depth,77,9,legacy,B,1,1,2,21.908250,5,19747,901349.948079,19161,19747,1163,586,2494,5020,
equal-depth,77,10,optimized,W,1,1,2,1.046250,5,2475,2365591.397849,708,924,417,255,593,99999992,
equal-depth,77,11,legacy,B,11,3,2,23.410333,5,20659,882473.564131,20023,20659,1118,636,2206,-110,
equal-depth,77,12,optimized,W,7,2,3,0.393666,3,978,2484339.516240,599,180,110,71,87,99999994,
equal-depth,77,13,legacy,B,17,4,3,0.008500,0,0,0.000000,0,0,0,0,0,99999999,
equal-depth,77,14,optimized,W,8,2,4,0.011875,1,29,2442105.263158,24,1,1,0,0,99999996,
equal-depth,77,15,legacy,B,5,2,1,0.006166,0,0,0.000000,0,0,0,0,0,99999999,
equal-depth,77,16,optimized,W,9,2,5,0.010333,1,24,2322655.569535,0,1,0,0,0,99999998,optimized-win
equal-depth,78,5,optimized,B,7,2,3,12.021500,5,31946,2657405.481845,20682,5120,1958,937,3158,590,
equal-depth,78,6,legacy,W,17,4,3,12.864584,5,10980,853506.028644,10876,10980,955,104,2390,-240,
equal-depth,78,7,optimized,B,13,3,4,7.385334,5,18883,2556824.105721,10859,3814,1364,698,2503,740,
equal-depth,78,8,legacy,W,1,1,2,0.005083,0,0,0.000000,0,0,0,0,0,-99999999,
equal-depth,78,9,optimized,B,18,4,4,7.554000,5,19072,2524755.096638,12909,3220,1558,716,1875,99999992,
equal-depth,78,10,legacy,W,8,2,4,15.814334,5,13644,862761.593375,13470,13644,1759,174,2889,110,
equal-depth,78,11,optimized,B,12,3,3,0.275417,3,700,2541600.554795,550,123,103,69,38,99999994,
equal-depth,78,12,legacy,W,0,1,1,10.892417,4,9876,906685.816380,9783,9876,380,93,1197,99999999,
equal-depth,78,13,optimized,B,11,3,2,0.013666,1,29,2122054.734377,24,1,1,0,0,99999996,
equal-depth,78,14,legacy,W,10,3,1,0.007333,0,0,0.000000,0,0,0,0,0,-99999999,
equal-depth,78,15,optimized,B,14,3,5,0.005959,1,25,4195334.787716,1,1,0,0,0,99999998,optimized-win
equal-depth,79,5,legacy,B,18,4,4,46.596958,5,42789,918278.828416,42509,42789,820,280,4658,5010,
equal-depth,79,6,optimized,W,12,3,3,7.851958,5,21420,2727981.988696,10860,3931,1190,467,2766,10,
equal-depth,79,7,legacy,B,13,3,4,38.337333,5,35088,915243.634710,34787,35088,975,301,3233,5210,
equal-depth,79,8,optimized,W,8,2,4,1.496000,5,3167,2116978.609626,528,1521,927,303,1113,20,
equal-depth,79,9,legacy,B,16,4,2,0.008250,0,0,0.000000,0,0,0,0,0,99999999,
equal-depth,79,10,optimized,W,17,4,3,0.969792,5,1959,2020020.787963,730,841,295,144,640,-270,
equal-depth,79,11,legacy,B,7,2,3,47.277708,5,43002,909561.859471,42586,43002,768,416,3285,1370,
equal-depth,79,12,optimized,W,1,1,2,1.552667,5,3631,2338556.818687,2195,1349,723,503,736,-80,
equal-depth,79,13,legacy,B,7,2,3,43.089750,5,38041,882831.763935,37605,38041,1210,436,4097,5350,
equal-depth,79,14,optimized,W,5,2,1,6.026000,5,17621,2924161.964819,6771,5204,3056,1828,2807,380,
equal-depth,79,15,legacy,B,7,2,3,36.503083,5,32725,896499.618950,32311,32725,1176,414,3801,1590,
equal-depth,79,16,optimized,W,7,2,3,0.865458,5,2276,2629821.435587,714,891,433,279,530,240,
equal-depth,79,17,legacy,B,10,3,1,45.144750,5,39590,876956.899750,39222,39590,1153,368,4483,1270,
equal-depth,79,18,optimized,W,23,5,4,8.022291,5,21668,2700974.073366,13276,4198,1635,894,2574,400,
equal-depth,79,19,legacy,B,11,3,2,0.008000,0,0,0.000000,0,0,0,0,0,99999999,
equal-depth,79,20,optimized,W,21,5,2,4.894500,5,16145,3298600.469915,6237,2980,1502,772,1639,180,
equal-depth,79,21,legacy,B,22,5,3,41.870041,5,35855,856340.217102,35619,35855,752,236,3421,5480,
equal-depth,79,22,optimized,W,17,4,3,7.217833,5,20085,2782691.148437,12050,4408,2693,1735,1980,370,
equal-depth,79,23,legacy,B,17,4,3,23.868792,5,21089,883538.639073,20490,21089,999,599,2313,5660,
equal-depth,79,24,optimized,W,18,4,4,6.281959,5,17284,2751371.029324,8788,3929,2275,1464,1867,560,
equal-depth,79,25,legacy,B,16,4,2,35.790416,5,31226,872468.204896,30835,31226,822,391,2993,4910,
equal-depth,79,26,optimized,W,8,2,4,3.677833,5,9323,2534916.620738,4108,2917,1455,829,1767,90,
equal-depth,79,27,legacy,B,13,3,4,23.246209,5,20672,889263.277294,20134,20672,1117,538,1957,5730,
equal-depth,79,28,optimized,W,13,3,4,5.910500,5,18035,3051349.293630,6141,4185,2486,1580,1991,4380,
equal-depth,79,29,legacy,B,11,3,2,65.241708,5,56286,862730.325822,55995,56286,2331,291,7585,6920,
equal-depth,79,30,optimized,W,10,3,1,2.362167,5,5641,2388061.470675,1358,2684,1585,914,1590,-620,
equal-depth,79,31,legacy,B,11,3,2,56.362792,5,50666,898926.369723,50442,50666,1149,224,4905,11690,
equal-depth,79,32,optimized,W,11,3,2,1.689959,5,4072,2409525.911575,1646,1801,968,676,1001,-1890,
equal-depth,79,33,legacy,B,1,1,2,59.579792,5,51586,865830.481583,51220,51586,2335,366,7014,15720,
equal-depth,79,34,optimized,W,19,4,5,1.661333,5,4713,2836878.578828,1467,1636,841,601,882,-4870,
equal-depth,79,35,legacy,B,13,3,4,72.307917,5,60092,831056.992003,59683,60092,2409,409,8552,17470,
equal-depth,79,36,optimized,W,17,4,3,4.835459,5,15848,3277455.149553,3389,4151,1491,851,2792,-9140,
equal-depth,79,37,legacy,B,21,5,2,33.018292,5,27906,845167.884517,27498,27906,1647,408,4176,21320,
equal-depth,79,38,optimized,W,16,4,2,3.969250,5,10611,2673301.001449,2867,3761,1317,769,2677,-13940,
equal-depth,79,39,legacy,B,15,4,1,34.696666,5,29118,839216.079147,28708,29118,1235,410,2812,25370,
equal-depth,79,40,optimized,W,8,2,4,2.196584,5,6007,2734700.789954,1493,2539,1525,872,1484,-18950,
equal-depth,79,41,legacy,B,8,2,4,0.007541,0,0,0.000000,0,0,0,0,0,99999999,
equal-depth,79,42,optimized,W,18,4,4,0.864292,4,2485,2875185.701129,97,1414,702,593,736,-99999993,
equal-depth,79,43,legacy,B,3,1,4,46.435833,5,41797,900102.298154,41112,41797,1124,685,4947,99999999,
equal-depth,79,44,optimized,W,3,1,4,0.009000,1,27,3000000.000000,0,1,1,0,0,-99999995,
equal-depth,79,45,legacy,B,3,1,4,0.005542,0,0,0.000000,0,0,0,0,0,99999999,
equal-depth,79,46,optimized,W,15,4,1,0.007667,1,25,3260727.794444,0,1,0,0,0,-99999997,
equal-depth,79,47,legacy,B,15,4,1,0.002917,0,0,0.000000,0,0,0,0,0,99999999,legacy-win
equal-depth,80,5,optimized,B,23,5,4,4.849667,5,14251,2938552.275857,7930,2744,1154,431,1851,430,
equal-depth,80,6,legacy,W,22,5,3,14.094333,5,13518,959108.884401,13293,13518,1149,225,2633,-560,
equal-depth,80,7,optimized,B,15,4,1,6.994458,5,20387,2914736.209725,9412,4485,1694,980,2838,680,
equal-depth,80,8,legacy,W,18,4,4,13.360375,5,12926,967487.813778,12449,12926,1345,477,2769,-570,
equal-depth,80,9,optimized,B,3,1,4,0.061042,3,170,2784967.727139,41,99,99,62,41,99999994,
equal-depth,80,10,legacy,W,12,3,3,10.345958,4,10152,981252.775238,10091,10152,586,61,1528,99999999,
equal-depth,80,11,optimized,B,11,3,2,0.012583,1,31,2463641.420965,19,1,1,0,0,99999996,
equal-depth,80,12,legacy,W,7,2,3,0.006125,0,0,0.000000,0,0,0,0,0,-99999999,
equal-depth,80,13,optimized,B,17,4,3,0.008375,1,24,2865671.641791,0,1,0,0,0,99999998,optimized-win
equal-depth,81,5,legacy,B,23,5,4,27.221750,5,26213,962943.234730,25902,26213,782,311,2922,5190,
equal-depth,81,6,optimized,W,22,5,3,2.826875,5,7322,2590139.288083,2573,2448,1116,472,1739,390,
equal-depth,81,7,legacy,B,10,3,1,36.703000,5,34682,944936.381222,34146,34682,1380,536,4163,4830,
equal-depth,81,8,optimized,W,18,4,4,3.434375,5,10146,2954249.317561,3864,2729,1285,538,1865,220,
equal-depth,81,9,legacy,B,3,1,4,0.005125,0,0,0.000000,0,0,0,0,0,99999999,
equal-depth,81,10,optimized,W,15,4,1,2.224667,5,7108,3195084.927317,1530,2261,1107,479,1530,340,
equal-depth,81,11,legacy,B,1,1,2,51.295458,5,47096,918131.971840,46729,47096,1391,367,6285,5110,
equal-depth,81,12,optimized,W,17,4,3,1.213292,5,3122,2573164.580332,451,1620,1048,400,1116,99999992,
equal-depth,81,13,legacy,B,16,4,2,0.008333,0,0,0.000000,0,0,0,0,0,99999999,
equal-depth,81,14,optimized,W,12,3,3,0.065458,3,217,3315102.814018,82,107,107,83,26,99999994,
equal-depth,81,15,legacy,B,7,2,3,0.006416,0,0,0.000000,0,0,0,0,0,99999999,
equal-depth,81,16,optimized,W,6,2,2,0.011958,1,34,2843284.830239,23,1,1,0,0,99999996,
equal-depth,81,17,legacy,B,0,1,1,0.005417,0,0,0.000000,0,0,0,0,0,99999999,
equal-depth,81,18,optimized,W,24,5,5,0.004667,1,25,5356760.231412,1,1,0,0,0,99999998,optimized-win
equal-depth,82,5,optimized,B,5,2,1,5.534959,5,18012,3254224.647373,10282,3048,1193,551,1888,470,
equal-depth,82,6,legacy,W,10,3,1,11.380750,5,10973,964171.957033,10891,10973,926,82,2714,-390,
equal-depth,82,7,optimized,B,15,4,1,6.027375,5,19824,3288993.965035,10346,3680,1530,903,2084,1040,
equal-depth,82,8,legacy,W,17,4,3,14.557542,5,13328,915539.175501,13104,13328,1276,224,2810,-4550,
equal-depth,82,9,optimized,B,12,3,3,2.128458,5,5287,2483957.869970,1016,2765,1395,827,1764,210,
equal-depth,82,10,legacy,W,19,4,5,15.451208,5,14257,922711.026866,13936,14257,1256,321,3125,-4700,
equal-depth,82,11,optimized,B,18,4,4,0.921625,5,2021,2192865.861929,741,909,332,150,697,370,
equal-depth,82,12,legacy,W,13,3,4,7.411000,5,6999,944406.962623,6921,6999,721,78,1732,-9250,
equal-depth,82,13,optimized,B,1,1,2,0.204292,4,1004,4914534.098252,183,365,316,261,75,-99999993,
equal-depth,82,14,legacy,W,9,2,5,7.150084,5,6793,950058.768540,6744,6793,695,49,1764,-99999999,
equal-depth,82,15,optimized,B,21,5,2,0.013417,2,51,3801147.797570,1,27,27,24,1,-99999995,
equal-depth,82,16,legacy,W,14,3,5,0.585792,3,626,1068638.697695,540,626,168,86,48,-99999999,
equal-depth,82,17,optimized,B,4,1,5,0.004958,1,25,5042355.788624,0,1,0,0,0,-99999997,
equal-depth,82,18,legacy,W,24,5,5,0.004333,0,0,0.000000,0,0,0,0,0,-99999999,legacy-win
equal-depth,83,5,legacy,B,10,3,1,61.002583,5,57074,935599.726982,56773,57074,1779,301,6960,4970,
equal-depth,83,6,optimized,W,5,2,1,3.551125,5,10090,2841353.092330,4940,2455,1065,398,1726,430,
equal-depth,83,7,legacy,B,13,3,4,54.791792,5,50259,917272.426498,49792,50259,1308,467,5138,4640,
equal-depth,83,8,optimized,W,18,4,4,3.618125,5,10192,2816928.657799,4749,2556,1249,571,1652,430,
equal-depth,83,9,legacy,B,17,4,3,28.288167,5,26289,929328.506863,25801,26289,911,488,2347,640,
equal-depth,83,10,optimized,W,12,3,3,5.958042,5,16093,2701055.145298,6716,4016,1525,785,2696,850,
equal-depth,83,11,legacy,B,6,2,2,59.977125,5,54633,910897.279588,54151,54633,1424,482,5644,560,
equal-depth,83,12,optimized,W,12,3,3,6.113042,5,16349,2674445.881445,10072,3350,1473,892,1912,1080,
equal-depth,83,13,legacy,B,13,3,4,30.756083,5,28731,934156.667479,28222,28731,1309,509,3396,4010,
equal-depth,83,14,optimized,W,12,3,3,2.094959,5,5444,2598618.875119,1992,1883,1106,543,1153,1420,
equal-depth,83,15,legacy,B,12,3,3,0.007375,0,0,0.000000,0,0,0,0,0,99999999,
equal-depth,83,16,optimized,W,13,3,4,6.388625,5,18084,2830656.048837,6006,5112,2269,1303,3230,2250,
equal-depth,83,17,legacy,B,8,2,4,49.634834,5,45449,915667.412124,45209,45449,947,240,4725,3580,
equal-depth,83,18,optimized,W,8,2,4,3.597667,5,9252,2571666.582816,3862,3465,1674,1010,2154,6690,
equal-depth,83,19,legacy,B,7,2,3,41.910750,5,39177,934772.105009,38806,39177,1228,371,4207,3410,
equal-depth,83,20,optimized,W,6,2,2,3.048292,5,8081,2650992.752663,3564,3732,2430,1626,1847,7020,
equal-depth,83,21,legacy,B,9,2,5,38.026334,5,35227,926384.331448,34683,35227,1557,544,4119,-980,
equal-depth,83,22,optimized,W,21,5,2,1.783417,5,5419,3038549.032559,1779,2174,1450,1152,846,11440,
equal-depth,83,23,legacy,B,7,2,3,32.761666,5,29772,908744.994836,29205,29772,1240,567,3228,-5770,
equal-depth,83,24,optimized,W,18,4,4,1.741958,5,4256,2443227.678279,1271,2262,1379,815,1315,15420,
equal-depth,83,25,legacy,B,7,2,3,12.242083,5,12313,1005792.886717,11980,12313,805,333,1934,-10380,
equal-depth,83,26,optimized,W,7,2,3,1.180542,5,3151,2669113.000639,1103,1276,620,445,721,29290,
equal-depth,83,27,legacy,B,19,4,5,24.164958,5,22080,913719.775553,21643,22080,1079,437,3998,-17020,
equal-depth,83,28,optimized,W,23,5,4,0.277250,3,864,3116321.009919,414,163,130,94,48,99999994,
equal-depth,83,29,legacy,B,8,2,4,0.006375,0,0,0.000000,0,0,0,0,0,99999999,
equal-depth,83,30,optimized,W,22,5,3,0.009542,1,27,2829595.472647,21,1,1,0,0,99999996,
equal-depth,83,31,legacy,B,20,5,1,0.008625,0,0,0.000000,0,0,0,0,0,99999999,
equal-depth,83,32,optimized,W,24,5,5,0.014791,1,43,2907173.281049,0,1,0,0,0,99999998,optimized-win
equal-depth,84,5,optimized,B,12,3,3,6.600125,5,20034,3035397.056874,10741,3981,1409,742,2601,910,
equal-depth,84,6,legacy,W,4,1,5,14.274208,5,13870,971682.632059,13781,13870,1322,89,2959,110,
equal-depth,84,7,optimized,B,4,1,5,1.983125,5,4866,2453703.120076,2291,1691,657,343,1216,5570,
equal-depth,84,8,legacy,W,9,2,5,20.933834,5,20502,979371.480638,20242,20502,1837,260,3254,520,
equal-depth,84,9,optimized,B,16,4,2,4.405542,5,13367,3034132.917130,4094,2057,1044,274,1332,99999992,
equal-depth,84,10,legacy,W,20,5,1,0.008792,0,0,0.000000,0,0,0,0,0,-99999999,
equal-depth,84,11,optimized,B,17,4,3,0.042334,3,154,3637737.988378,52,109,109,98,15,99999994,
equal-depth,84,12,legacy,W,7,2,3,0.006166,0,0,0.000000,0,0,0,0,0,-99999999,
equal-depth,84,13,optimized,B,18,4,4,0.010125,1,27,2666666.666667,24,1,1,0,0,99999996,
equal-depth,84,14,legacy,W,15,4,1,0.008208,0,0,0.000000,0,0,0,0,0,-99999999,
equal-depth,84,15,optimized,B,19,4,5,0.021875,1,61,2788571.428571,18,1,0,0,0,99999998,optimized-win
equal-depth,85,5,legacy,B,12,3,3,48.751208,5,47391,972098.988809,46916,47391,1862,475,6215,5290,
equal-depth,85,6,optimized,W,4,1,5,4.244666,5,13537,3189179.077930,6075,2611,1327,543,1606,-110,
equal-depth,85,7,legacy,B,4,1,5,0.005333,0,0,0.000000,0,0,0,0,0,99999999,
equal-depth,85,8,optimized,W,9,2,5,3.691792,5,13384,3625339.672441,2196,3233,1540,529,2264,-4580,
equal-depth,85,9,legacy,B,16,4,2,78.307459,5,74515,951569.632722,74284,74515,1751,231,7848,10800,
equal-depth,85,10,optimized,W,20,5,1,0.387250,4,1228,3171078.114913,562,427,348,289,105,-99999993,
equal-depth,85,11,legacy,B,17,4,3,57.767416,5,54260,939283.834333,54047,54260,1652,213,6192,99999999,
equal-depth,85,12,optimized,W,7,2,3,0.016375,2,51,3114503.816794,1,27,27,24,1,-99999995,
equal-depth,85,13,legacy,B,18,4,4,1.187291,3,1110,934901.384749,1088,1110,151,22,131,99999999,
equal-depth,85,14,optimized,W,15,4,1,0.008375,1,25,2985074.626866,0,1,0,0,0,-99999997,
equal-depth,85,15,legacy,B,19,4,5,0.003916,0,0,0.000000,0,0,0,0,0,99999999,legacy-win
equal-depth,86,5,optimized,B,14,3,5,3.750916,5,11920,3177890.413968,5589,2061,750,246,1416,520,
equal-depth,86,6,legacy,W,11,3,2,14.400375,5,13620,945808.702898,13493,13620,1120,127,2788,-420,
equal-depth,86,7,optimized,B,11,3,2,4.641333,5,14330,3087475.085283,9198,2362,858,352,1539,460,
equal-depth,86,8,legacy,W,6,2,2,8.770250,5,8591,979561.586044,8415,8591,1011,176,2218,-4000,
equal-depth,86,9,optimized,B,16,4,2,1.848875,5,4461,2412818.605909,1508,2254,1138,455,1656,430,
equal-depth,86,10,legacy,W,8,2,4,12.167000,5,12089,993589.216734,11921,12089,1269,168,2278,-290,
equal-depth,86,11,optimized,B,7,2,3,1.506708,5,4660,3092835.506283,1688,1454,628,404,912,880,
equal-depth,86,12,legacy,W,8,2,4,22.401542,5,21636,965826.370345,21255,21636,1677,381,3997,-670,
equal-depth,86,13,optimized,B,5,2,1,4.074250,5,11468,2814751.181199,3472,5183,2925,2084,2738,4840,
equal-depth,86,14,legacy,W,8,2,4,20.146209,5,18924,939333.052685,18694,18924,1515,230,3827,-4770,
equal-depth,86,15,optimized,B,8,2,4,1.298584,5,3810,2933964.995718,1692,1681,1062,662,905,9840,
equal-depth,86,16,legacy,W,0,1,1,22.381292,5,22145,989442.432546,21806,22145,2346,339,4113,580,
equal-depth,86,17,optimized,B,15,4,1,0.338500,3,998,2948301.329394,648,201,132,91,85,99999992,
equal-depth,86,18,legacy,W,20,5,1,0.008667,0,0,0.000000,0,0,0,0,0,-99999999,
equal-depth,86,19,optimized,B,17,4,3,0.010083,1,28,2776951.304175,24,1,1,0,0,99999994,
equal-depth,86,20,legacy,W,18,4,4,0.008625,0,0,0.000000,0,0,0,0,0,-99999999,
equal-depth,86,21,optimized,B,12,3,3,0.006333,1,25,3947576.188220,0,1,0,0,0,99999996,
equal-depth,86,22,legacy,W,2,1,3,0.005542,0,0,0.000000,0,0,0,0,0,-99999999,
equal-depth,86,23,optimized,B,22,5,3,0.017625,1,48,2723404.255319,24,1,0,0,0,99999998,optimized-win
equal-depth,87,5,legacy,B,12,3,3,26.932583,5,27443,1018951.654210,27092,27443,958,351,3301,830,
equal-depth,87,6,optimized,W,11,3,2,1.232459,5,3584,2908007.487470,1391,1127,502,331,675,710,
equal-depth,87,7,legacy,B,14,3,5,24.538708,5,25036,1020265.614636,24481,25036,995,555,2427,370,
equal-depth,87,8,optimized,W,9,2,5,4.637458,5,15848,3417389.440508,5629,4071,1719,1154,2384,1050,
equal-depth,87,9,legacy,B,18,4,4,33.545833,5,34507,1028652.351545,34104,34507,1398,403,4620,5230,
equal-depth,87,10,optimized,W,9,2,5,0.983750,4,2769,2814739.517154,407,1631,905,707,846,-99999993,
equal-depth,87,11,legacy,B,9,2,5,0.005625,0,0,0.000000,0,0,0,0,0,99999999,
equal-depth,87,12,optimized,W,14,3,5,0.020167,2,81,4016462.537809,49,27,27,23,1,-99999995,
equal-depth,87,13,legacy,B,8,2,4,2.106708,3,2191,1040011.240286,2191,2191,3,0,147,99999999,
equal-depth,87,14,optimized,W,3,1,4,0.004458,1,25,5607895.917452,0,1,0,0,0,-99999997,
equal-depth,87,15,legacy,B,23,5,4,0.003875,0,0,0.000000,0,0,0,0,0,99999999,legacy-win
equal-depth,88,5,optimized,B,12,3,3,7.077833,5,23117,3266112.664710,13994,3570,1397,627,2184,900,
equal-depth,88,6,legacy,W,8,2,4,16.472875,5,17092,1037584.513936,16870,17092,1494,222,3497,-10,
equal-depth,88,7,optimized,B,18,4,4,0.296958,3,865,2912869.833444,602,151,89,51,80,99999994,
equal-depth,88,8,legacy,W,6,2,2,5.984250,4,6552,1094874.044366,6510,6552,333,42,986,99999999,
equal-depth,88,9,optimized,B,16,4,2,0.010250,1,29,2829268.292683,21,1,1,0,0,99999996,
equal-depth,88,10,legacy,W,15,4,1,0.006375,0,0,0.000000,0,0,0,0,0,-99999999,
equal-depth,88,11,optimized,B,19,4,5,0.014750,1,46,3118644.067797,22,1,0,0,0,99999998,optimized-win
equal-depth,89,5,legacy,B,12,3,3,39.113958,5,39910,1020351.865183,39611,39910,1251,299,4498,5410,
equal-depth,89,6,optimized,W,18,4,4,5.168375,5,17281,3343604.130892,8083,3327,1376,613,2149,-150,
equal-depth,89,7,legacy,B,7,2,3,25.622583,5,26188,1022067.135074,25855,26188,655,333,2316,10030,
equal-depth,89,8,optimized,W,22,5,3,0.405750,4,1273,3137399.876771,695,481,377,293,153,-99999993,
equal-depth,89,9,legacy,B,8,2,4,15.342000,5,16084,1048363.968192,15720,16084,617,364,1211,99999999,
equal-depth,89,10,optimized,W,16,4,2,0.017541,2,51,2907473.918249,1,27,27,24,1,-99999995,
equal-depth,89,11,legacy,B,6,2,2,0.225458,3,252,1117724.809055,217,252,151,35,72,99999999,
equal-depth,89,12,optimized,W,5,2,1,0.004958,1,25,5042355.788624,0,1,0,0,0,-99999997,
equal-depth,89,13,legacy,B,9,2,5,0.002041,0,0,0.000000,0,0,0,0,0,99999999,legacy-win
equal-depth,90,5,optimized,B,7,2,3,6.178583,5,19186,3105242.739314,10775,4151,1382,757,2760,380,
equal-depth,90,6,legacy,W,6,2,2,7.986667,5,7955,996035.016860,7730,7955,920,225,2121,-4780,
equal-depth,90,7,optimized,B,11,3,2,3.832333,5,12521,3267200.423345,6218,2942,1490,907,1609,250,
equal-depth,90,8,legacy,W,12,3,3,9.764750,5,9773,1000844.875701,9585,9773,1007,188,2345,-640,
equal-depth,90,9,optimized,B,15,4,1,2.866375,5,8504,2966813.483930,4985,1795,890,268,1242,330,
equal-depth,90,10,legacy,W,3,1,4,0.004834,0,0,0.000000,0,0,0,0,0,-99999999,
equal-depth,90,11,optimized,B,5,2,1,3.159334,5,10923,3457374.244065,4942,2010,946,316,1321,500,
equal-depth,90,12,legacy,W,10,3,1,0.005917,0,0,0.000000,0,0,0,0,0,-99999999,
equal-depth,90,13,optimized,B,17,4,3,2.487041,5,10173,4090403.013058,1908,1871,897,255,1256,870,
equal-depth,90,14,legacy,W,23,5,4,0.009375,0,0,0.000000,0,0,0,0,0,-99999999,
equal-depth,90,15,optimized,B,18,4,4,1.871292,5,5185,2770812.892910,2871,1657,1063,463,1015,1040,
equal-depth,90,16,legacy,W,16,4,2,0.008084,0,0,0.000000,0,0,0,0,0,-99999999,
equal-depth,90,17,optimized,B,12,3,3,8.387875,5,22840,2722978.108281,12793,4765,1624,898,3122,1040,
equal-depth,90,18,legacy,W,12,3,3,18.717750,5,18127,968439.048497,17857,18127,1468,270,3453,-3930,
equal-depth,90,19,optimized,B,11,3,2,4.861291,5,12820,2637159.552884,7522,2892,1424,688,1786,1200,
equal-depth,90,20,legacy,W,22,5,3,10.440375,5,9514,911269.949595,9414,9514,765,100,2201,280,
equal-depth,90,21,optimized,B,24,5,5,0.941875,5,2580,2739216.987392,343,1102,603,413,601,2210,
equal-depth,90,22,legacy,W,13,3,4,11.776250,5,10609,900881.010508,10458,10609,1041,151,2483,790,
equal-depth,90,23,optimized,B,13,3,4,3.103125,5,8275,2666666.666667,2754,2880,1517,863,1763,2210,
equal-depth,90,24,legacy,W,11,3,2,13.657666,5,13156,963268.540906,12514,13156,1532,642,2848,-4170,
equal-depth,90,25,optimized,B,16,4,2,6.399792,5,19126,2988534.627375,6621,5999,3219,2226,3136,5280,
equal-depth,90,26,legacy,W,11,3,2,5.625708,5,5168,918639.929410,5114,5168,759,54,1471,-3950,
equal-depth,90,27,optimized,B,14,3,5,1.170250,5,2886,2466139.713736,899,1156,492,319,747,7050,
equal-depth,90,28,legacy,W,6,2,2,23.332042,5,22152,949423.972407,21883,22152,1640,269,3716,830,
equal-depth,90,29,optimized,B,8,2,4,6.254125,5,18095,2893290.428317,9772,3316,1466,760,2009,11140,
equal-depth,90,30,legacy,W,20,5,1,0.009375,0,0,0.000000,0,0,0,0,0,-99999999,
equal-depth,90,31,optimized,B,6,2,2,3.776375,5,9797,2594286.849161,4496,3376,1431,944,2125,11480,
equal-depth,90,32,legacy,W,0,1,1,19.395625,5,18338,945470.950279,17648,18338,1568,690,3307,1230,
equal-depth,90,33,optimized,B,8,2,4,3.832167,5,10613,2769451.331322,4836,3185,1541,996,1841,11650,
equal-depth,90,34,legacy,W,8,2,4,0.007000,0,0,0.000000,0,0,0,0,0,-99999999,
equal-depth,90,35,optimized,B,7,2,3,4.919167,5,13644,2773640.333821,6978,4786,2665,1748,2604,11330,
equal-depth,90,36,legacy,W,1,1,2,6.116917,5,5624,919417.412399,5621,5624,605,3,1499,180,
equal-depth,90,37,optimized,B,2,1,3,1.018000,5,2819,2769155.206287,670,1260,652,460,706,11310,
equal-depth,90,38,legacy,W,16,4,2,6.766750,5,6339,936786.492777,6288,6339,816,51,1480,4280,
equal-depth,90,39,optimized,B,16,4,2,0.842167,5,2611,3100335.206675,294,1190,623,416,683,16140,
equal-depth,90,40,legacy,W,12,3,3,11.824792,5,11092,938029.184784,10935,11092,949,157,1964,3710,
equal-depth,90,41,optimized,B,8,2,4,0.755917,5,2321,3070442.918998,588,1003,530,361,560,15940,
equal-depth,90,42,legacy,W,17,4,3,12.179625,5,11340,931063.148496,11203,11340,1304,137,2081,10690,
equal-depth,90,43,optimized,B,17,4,3,3.859250,5,12205,3162531.579970,4017,2730,1147,573,1729,20590,
equal-depth,90,44,legacy,W,7,2,3,22.593834,5,21248,940433.571389,21086,21248,1599,162,3367,14160,
equal-depth,90,45,optimized,B,7,2,3,0.052625,3,139,2641330.166271,24,96,96,66,34,99999994,
equal-depth,90,46,legacy,W,5,2,1,0.006792,0,0,0.000000,0,0,0,0,0,-99999999,
equal-depth,90,47,optimized,B,19,4,5,0.010500,1,30,2857142.857143,22,1,1,0,0,99999996,
equal-depth,90,48,legacy,W,9,2,5,0.007083,0,0,0.000000,0,0,0,0,0,-99999999,
equal-depth,90,49,optimized,B,18,4,4,0.014250,1,42,2947368.421053,19,1,0,0,0,99999998,optimized-win
equal-depth,91,5,legacy,B,12,3,3,31.856792,5,32286,1013473.045246,31806,32286,1088,480,3713,5220,
equal-depth,91,6,optimized,W,16,4,2,1.370167,5,3758,2742731.360484,1614,1117,335,134,860,170,
equal-depth,91,7,legacy,B,6,2,2,27.397334,5,28116,1026231.238412,27738,28116,1183,378,3327,9810,
equal-depth,91,8,optimized,W,17,4,3,0.586167,4,1432,2442989.796423,196,1005,469,388,574,-99999993,
equal-depth,91,9,legacy,B,9,2,5,0.005666,0,0,0.000000,0,0,0,0,0,99999999,
equal-depth,91,10,optimized,W,7,2,3,0.007833,2,51,6510915.358100,1,27,27,24,1,-99999995,
equal-depth,91,11,legacy,B,18,4,4,0.839583,3,868,1033846.564306,868,868,3,0,72,99999999,
equal-depth,91,12,optimized,W,0,1,1,0.003875,1,25,6451612.903226,0,1,0,0,0,-99999997,
equal-depth,91,13,legacy,B,24,5,5,0.004625,0,0,0.000000,0,0,0,0,0,99999999,legacy-win
equal-depth,92,5,optimized,B,19,4,5,0.010625,1,30,2823529.411765,26,1,0,0,0,99999996,
equal-depth,92,6,legacy,W,4,1,5,0.004084,0,0,0.000000,0,0,0,0,0,-99999999,
equal-depth,92,7,optimized,B,24,5,5,0.003625,1,25,6896551.724138,1,1,0,0,0,99999998,optimized-win
equal-depth,93,5,legacy,B,19,4,5,0.930042,3,1015,1091348.562753,1015,1015,2,0,94,99999999,
equal-depth,93,6,optimized,W,4,1,5,0.004875,1,25,5128205.128205,0,1,0,0,0,-99999997,
equal-depth,93,7,legacy,B,24,5,5,0.004292,0,0,0.000000,0,0,0,0,0,99999999,legacy-win
equal-depth,94,5,optimized,B,16,4,2,8.148750,5,25151,3086485.657309,9744,6738,2685,1647,4321,1300,
equal-depth,94,6,legacy,W,1,1,2,9.812875,5,9858,1004598.550374,9743,9858,1100,115,2355,180,
equal-depth,94,7,optimized,B,23,5,4,2.415375,5,7635,3160999.844745,3397,1937,1112,473,1222,99999992,
equal-depth,94,8,legacy,W,17,4,3,0.007208,0,0,0.000000,0,0,0,0,0,-99999999,
equal-depth,94,9,optimized,B,21,5,2,0.219041,3,637,2908131.354404,289,248,168,105,135,99999994,
equal-depth,94,10,legacy,W,6,2,2,0.004667,0,0,0.000000,0,0,0,0,0,-99999999,
equal-depth,94,11,optimized,B,22,5,3,0.008500,1,27,3176470.588235,24,1,1,0,0,99999996,
equal-depth,94,12,legacy,W,20,5,1,0.007458,0,0,0.000000,0,0,0,0,0,-99999999,
equal-depth,94,13,optimized,B,24,5,5,0.023125,1,77,3329729.729730,23,1,0,0,0,99999998,optimized-win
equal-depth,95,5,legacy,B,16,4,2,32.130709,5,32533,1012520.452007,32264,32533,1243,269,3338,5790,
equal-depth,95,6,optimized,W,1,1,2,2.843959,5,10639,3740911.876718,1816,2992,1512,759,1865,-960,
equal-depth,95,7,legacy,B,6,2,2,40.220875,5,40041,995527.819820,39741,40041,953,300,4038,10160,
equal-depth,95,8,optimized,W,21,5,2,1.144333,5,3139,2743082.651641,1219,1035,349,182,758,-560,
equal-depth,95,9,legacy,B,13,3,4,72.695875,5,71069,977620.807233,70682,71069,1369,387,6601,9770,
equal-depth,95,10,optimized,W,14,3,5,1.078875,4,3076,2851118.062797,1110,1327,705,583,658,-99999993,
equal-depth,95,11,legacy,B,12,3,3,38.202000,5,37728,987592.272656,37525,37728,1007,203,3920,99999999,
equal-depth,95,12,optimized,W,10,3,1,0.017250,2,51,2956521.739130,1,27,25,22,3,-99999995,
equal-depth,95,13,legacy,B,8,2,4,0.815500,3,825,1011649.294911,794,825,165,31,135,99999999,
equal-depth,95,14,optimized,W,4,1,5,0.004416,1,25,5661231.884058,0,1,0,0,0,-99999997,
equal-depth,95,15,legacy,B,7,2,3,0.001375,0,0,0.000000,0,0,0,0,0,99999999,legacy-win
equal-depth,96,5,optimized,B,12,3,3,4.911042,5,15243,3103821.958762,9619,2858,1149,471,1887,960,
equal-depth,96,6,legacy,W,9,2,5,7.847375,5,7771,990267.446121,7731,7771,721,40,1943,-110,
equal-depth,96,7,optimized,B,14,3,5,1.052458,5,2707,2572074.135025,1190,975,314,154,735,930,
equal-depth,96,8,legacy,W,17,4,3,8.593750,5,8275,962909.090909,8106,8275,980,169,2140,-180,
equal-depth,96,9,optimized,B,12,3,3,4.894833,5,13472,2752290.016840,6036,3076,1214,420,2248,1360,
equal-depth,96,10,legacy,W,13,3,4,6.857334,5,6680,974139.512528,6596,6680,705,84,1749,-8490,
equal-depth,96,11,optimized,B,21,5,2,0.326042,4,1060,3251114.887039,601,365,316,261,75,-99999993,
equal-depth,96,12,legacy,W,18,4,4,4.267333,5,4089,958209.729590,4043,4089,753,46,1367,-99999999,
equal-depth,96,13,optimized,B,16,4,2,0.011666,2,51,4371678.381622,1,27,27,24,1,-99999995,
equal-depth,96,14,legacy,W,8,2,4,0.173541,3,202,1163990.065748,154,202,126,48,24,-99999999,
equal-depth,96,15,optimized,B,3,1,4,0.004833,1,25,5172770.535899,0,1,0,0,0,-99999997,
equal-depth,96,16,legacy,W,23,5,4,0.004917,0,0,0.000000,0,0,0,0,0,-99999999,legacy-win
equal-depth,97,5,legacy,B,9,2,5,20.690000,5,21959,1061333.977767,21481,21959,899,478,2191,5370,
equal-depth,97,6,optimized,W,6,2,2,5.882500,5,18890,3211219.719507,10850,4278,1693,972,2691,-280,
equal-depth,97,7,legacy,B,17,4,3,31.330250,5,32461,1036091.317497,32112,32461,1062,349,3189,5540,
equal-depth,97,8,optimized,W,12,3,3,3.325792,5,10532,3166764.487978,2170,4049,2096,1211,2492,120,
equal-depth,97,9,legacy,B,7,2,3,28.028875,5,27410,977920.091334,27034,27410,1032,376,2887,5770,
equal-depth,97,10,optimized,W,7,2,3,1.135208,5,2969,2615379.736577,830,1260,628,426,743,99999992,
equal-depth,97,11,legacy,B,18,4,4,25.412083,5,24075,947383.966911,23791,24075,965,284,2827,5450,
equal-depth,97,12,optimized,W,16,4,2,0.094916,3,234,2465337.772346,85,120,119,95,27,99999994,
equal-depth,97,13,legacy,B,8,2,4,0.007584,0,0,0.000000,0,0,0,0,0,99999999,
equal-depth,97,14,optimized,W,11,3,2,0.011875,1,27,2273684.210526,24,1,1,0,0,99999996,
equal-depth,97,15,legacy,B,1,1,2,0.006334,0,0,0.000000,0,0,0,0,0,99999999,
equal-depth,97,16,optimized,W,21,5,2,0.028542,1,66,2312381.753206,0,1,0,0,0,99999998,optimized-win
equal-depth,98,5,optimized,B,1,1,2,8.938625,5,24858,2780964.633822,16902,3757,1329,497,2448,650,
equal-depth,98,6,legacy,W,4,1,5,13.712666,5,13124,957071.367450,13031,13124,882,93,2669,-10,
equal-depth,98,7,optimized,B,7,2,3,9.542208,5,28619,2999201.023495,15717,5166,1921,965,3318,680,
equal-depth,98,8,legacy,W,19,4,5,15.263708,5,14806,970013.315244,14696,14806,1348,110,2818,-220,
equal-depth,98,9,optimized,B,11,3,2,3.222625,5,8876,2754276.405105,5007,2002,1069,396,1318,99999988,
equal-depth,98,10,legacy,W,15,4,1,0.006875,0,0,0.000000,0,0,0,0,0,-99999999,
equal-depth,98,11,optimized,B,0,1,1,0.043125,3,171,3965217.391304,55,111,111,98,17,99999990,
equal-depth,98,12,legacy,W,2,1,3,0.004750,0,0,0.000000,0,0,0,0,0,-99999999,
equal-depth,98,13,optimized,B,6,2,2,0.010750,1,30,2790697.674419,24,1,1,0,0,99999992,
equal-depth,98,14,legacy,W,16,4,2,0.008334,0,0,0.000000,0,0,0,0,0,-99999999,
equal-depth,98,15,optimized,B,18,4,4,0.008875,1,27,3042253.521127,0,1,0,0,0,99999994,
equal-depth,98,16,legacy,W,12,3,3,0.007541,0,0,0.000000,0,0,0,0,0,-99999999,
equal-depth,98,17,optimized,B,8,2,4,0.005667,1,25,4411505.205576,0,1,0,0,0,99999996,
equal-depth,98,18,legacy,W,5,2,1,0.006000,0,0,0.000000,0,0,0,0,0,-99999999,
equal-depth,98,19,optimized,B,9,2,5,0.006208,1,23,3704896.907216,0,1,0,0,0,99999998,optimized-win
equal-depth,99,5,legacy,B,1,1,2,55.615667,5,53059,954029.734104,52811,53059,1200,248,5751,5040,
equal-depth,99,6,optimized,W,2,1,3,5.942167,5,17018,2863938.357842,8296,4446,1841,974,2941,-10,
equal-depth,99,7,legacy,B,7,2,3,42.995750,5,39929,928673.182815,39380,39929,1328,549,4025,5250,
equal-depth,99,8,optimized,W,18,4,4,6.484250,5,17404,2684042.102016,9466,3338,1108,410,2356,-70,
equal-depth,99,9,legacy,B,19,4,5,38.145708,5,37328,978563.564740,36916,37328,900,412,4050,5090,
equal-depth,99,10,optimized,W,13,3,4,1.627958,5,4598,2824397.189608,1385,1189,408,182,860,170,
equal-depth,99,11,legacy,B,7,2,3,60.293250,5,54631,906088.160781,54204,54631,1417,427,6198,920,
equal-depth,99,12,optimized,W,12,3,3,3.663041,5,9705,2649437.994279,2354,3571,1811,1057,2212,99999990,
equal-depth,99,13,legacy,B,7,2,3,33.949958,5,30706,904448.836137,30378,30706,835,328,3732,5180,
equal-depth,99,14,optimized,W,7,2,3,0.063667,3,175,2748676.708499,29,99,99,90,12,99999992,
equal-depth,99,15,legacy,B,11,3,2,19.899500,5,18111,910123.369934,17682,18111,824,429,2142,-4260,
equal-depth,99,16,optimized,W,15,4,1,0.014042,1,27,1922803.019513,0,1,1,0,0,99999994,
equal-depth,99,17,legacy,B,16,4,2,0.008875,0,0,0.000000,0,0,0,0,0,99999999,
equal-depth,99,18,optimized,W,6,2,2,0.006500,1,25,3846153.846154,0,1,0,0,0,99999996,
equal-depth,99,19,legacy,B,0,1,1,0.005792,0,0,0.000000,0,0,0,0,0,99999999,
equal-depth,99,20,optimized,W,24,5,5,0.017167,1,44,2563057.028019,20,1,0,0,0,99999998,optimized-win
